iteration,point_index,petal_length,petal_width,assigned_cluster,center_0_x,center_0_y,center_1_x,center_1_y,center_2_x,center_2_y
0,0,1.4,0.2,1,5.8,2.2,1.4,0.3,4.5,1.5
0,1,1.4,0.2,1,5.8,2.2,1.4,0.3,4.5,1.5
0,2,1.3,0.2,1,5.8,2.2,1.4,0.3,4.5,1.5
0,3,1.5,0.2,1,5.8,2.2,1.4,0.3,4.5,1.5
0,4,1.4,0.2,1,5.8,2.2,1.4,0.3,4.5,1.5
0,5,1.7,0.4,1,5.8,2.2,1.4,0.3,4.5,1.5
0,6,1.4,0.3,1,5.8,2.2,1.4,0.3,4.5,1.5
0,7,1.5,0.2,1,5.8,2.2,1.4,0.3,4.5,1.5
0,8,1.4,0.2,1,5.8,2.2,1.4,0.3,4.5,1.5
0,9,1.5,0.1,1,5.8,2.2,1.4,0.3,4.5,1.5
0,10,1.5,0.2,1,5.8,2.2,1.4,0.3,4.5,1.5
0,11,1.6,0.2,1,5.8,2.2,1.4,0.3,4.5,1.5
0,12,1.4,0.1,1,5.8,2.2,1.4,0.3,4.5,1.5
0,13,1.1,0.1,1,5.8,2.2,1.4,0.3,4.5,1.5
0,14,1.2,0.2,1,5.8,2.2,1.4,0.3,4.5,1.5
0,15,1.5,0.4,1,5.8,2.2,1.4,0.3,4.5,1.5
0,16,1.3,0.4,1,5.8,2.2,1.4,0.3,4.5,1.5
0,17,1.4,0.3,1,5.8,2.2,1.4,0.3,4.5,1.5
0,18,1.7,0.3,1,5.8,2.2,1.4,0.3,4.5,1.5
0,19,1.5,0.3,1,5.8,2.2,1.4,0.3,4.5,1.5
0,20,1.7,0.2,1,5.8,2.2,1.4,0.3,4.5,1.5
0,21,1.5,0.4,1,5.8,2.2,1.4,0.3,4.5,1.5
0,22,1.0,0.2,1,5.8,2.2,1.4,0.3,4.5,1.5
0,23,1.7,0.5,1,5.8,2.2,1.4,0.3,4.5,1.5
0,24,1.9,0.2,1,5.8,2.2,1.4,0.3,4.5,1.5
0,25,1.6,0.2,1,5.8,2.2,1.4,0.3,4.5,1.5
0,26,1.6,0.4,1,5.8,2.2,1.4,0.3,4.5,1.5
0,27,1.5,0.2,1,5.8,2.2,1.4,0.3,4.5,1.5
0,28,1.4,0.2,1,5.8,2.2,1.4,0.3,4.5,1.5
0,29,1.6,0.2,1,5.8,2.2,1.4,0.3,4.5,1.5
0,30,1.6,0.2,1,5.8,2.2,1.4,0.3,4.5,1.5
0,31,1.5,0.4,1,5.8,2.2,1.4,0.3,4.5,1.5
0,32,1.5,0.1,1,5.8,2.2,1.4,0.3,4.5,1.5
0,33,1.4,0.2,1,5.8,2.2,1.4,0.3,4.5,1.5
0,34,1.5,0.2,1,5.8,2.2,1.4,0.3,4.5,1.5
0,35,1.2,0.2,1,5.8,2.2,1.4,0.3,4.5,1.5
0,36,1.3,0.2,1,5.8,2.2,1.4,0.3,4.5,1.5
0,37,1.4,0.1,1,5.8,2.2,1.4,0.3,4.5,1.5
0,38,1.3,0.2,1,5.8,2.2,1.4,0.3,4.5,1.5
0,39,1.5,0.2,1,5.8,2.2,1.4,0.3,4.5,1.5
0,40,1.3,0.3,1,5.8,2.2,1.4,0.3,4.5,1.5
0,41,1.3,0.3,1,5.8,2.2,1.4,0.3,4.5,1.5
0,42,1.3,0.2,1,5.8,2.2,1.4,0.3,4.5,1.5
0,43,1.6,0.6,1,5.8,2.2,1.4,0.3,4.5,1.5
0,44,1.9,0.4,1,5.8,2.2,1.4,0.3,4.5,1.5
0,45,1.4,0.3,1,5.8,2.2,1.4,0.3,4.5,1.5
0,46,1.6,0.2,1,5.8,2.2,1.4,0.3,4.5,1.5
0,47,1.4,0.2,1,5.8,2.2,1.4,0.3,4.5,1.5
0,48,1.5,0.2,1,5.8,2.2,1.4,0.3,4.5,1.5
0,49,1.4,0.2,1,5.8,2.2,1.4,0.3,4.5,1.5
0,50,4.7,1.4,2,5.8,2.2,1.4,0.3,4.5,1.5
0,51,4.5,1.5,2,5.8,2.2,1.4,0.3,4.5,1.5
0,52,4.9,1.5,2,5.8,2.2,1.4,0.3,4.5,1.5
0,53,4.0,1.3,2,5.8,2.2,1.4,0.3,4.5,1.5
0,54,4.6,1.5,2,5.8,2.2,1.4,0.3,4.5,1.5
0,55,4.5,1.3,2,5.8,2.2,1.4,0.3,4.5,1.5
0,56,4.7,1.6,2,5.8,2.2,1.4,0.3,4.5,1.5
0,57,3.3,1.0,2,5.8,2.2,1.4,0.3,4.5,1.5
0,58,4.6,1.3,2,5.8,2.2,1.4,0.3,4.5,1.5
0,59,3.9,1.4,2,5.8,2.2,1.4,0.3,4.5,1.5
0,60,3.5,1.0,2,5.8,2.2,1.4,0.3,4.5,1.5
0,61,4.2,1.5,2,5.8,2.2,1.4,0.3,4.5,1.5
0,62,4.0,1.0,2,5.8,2.2,1.4,0.3,4.5,1.5
0,63,4.7,1.4,2,5.8,2.2,1.4,0.3,4.5,1.5
0,64,3.6,1.3,2,5.8,2.2,1.4,0.3,4.5,1.5
0,65,4.4,1.4,2,5.8,2.2,1.4,0.3,4.5,1.5
0,66,4.5,1.5,2,5.8,2.2,1.4,0.3,4.5,1.5
0,67,4.1,1.0,2,5.8,2.2,1.4,0.3,4.5,1.5
0,68,4.5,1.5,2,5.8,2.2,1.4,0.3,4.5,1.5
0,69,3.9,1.1,2,5.8,2.2,1.4,0.3,4.5,1.5
0,70,4.8,1.8,2,5.8,2.2,1.4,0.3,4.5,1.5
0,71,4.0,1.3,2,5.8,2.2,1.4,0.3,4.5,1.5
0,72,4.9,1.5,2,5.8,2.2,1.4,0.3,4.5,1.5
0,73,4.7,1.2,2,5.8,2.2,1.4,0.3,4.5,1.5
0,74,4.3,1.3,2,5.8,2.2,1.4,0.3,4.5,1.5
0,75,4.4,1.4,2,5.8,2.2,1.4,0.3,4.5,1.5
0,76,4.8,1.4,2,5.8,2.2,1.4,0.3,4.5,1.5
0,77,5.0,1.7,2,5.8,2.2,1.4,0.3,4.5,1.5
0,78,4.5,1.5,2,5.8,2.2,1.4,0.3,4.5,1.5
0,79,3.5,1.0,2,5.8,2.2,1.4,0.3,4.5,1.5
0,80,3.8,1.1,2,5.8,2.2,1.4,0.3,4.5,1.5
0,81,3.7,1.0,2,5.8,2.2,1.4,0.3,4.5,1.5
0,82,3.9,1.2,2,5.8,2.2,1.4,0.3,4.5,1.5
0,83,5.1,1.6,2,5.8,2.2,1.4,0.3,4.5,1.5
0,84,4.5,1.5,2,5.8,2.2,1.4,0.3,4.5,1.5
0,85,4.5,1.6,2,5.8,2.2,1.4,0.3,4.5,1.5
0,86,4.7,1.5,2,5.8,2.2,1.4,0.3,4.5,1.5
0,87,4.4,1.3,2,5.8,2.2,1.4,0.3,4.5,1.5
0,88,4.1,1.3,2,5.8,2.2,1.4,0.3,4.5,1.5
0,89,4.0,1.3,2,5.8,2.2,1.4,0.3,4.5,1.5
0,90,4.4,1.2,2,5.8,2.2,1.4,0.3,4.5,1.5
0,91,4.6,1.4,2,5.8,2.2,1.4,0.3,4.5,1.5
0,92,4.0,1.2,2,5.8,2.2,1.4,0.3,4.5,1.5
0,93,3.3,1.0,2,5.8,2.2,1.4,0.3,4.5,1.5
0,94,4.2,1.3,2,5.8,2.2,1.4,0.3,4.5,1.5
0,95,4.2,1.2,2,5.8,2.2,1.4,0.3,4.5,1.5
0,96,4.2,1.3,2,5.8,2.2,1.4,0.3,4.5,1.5
0,97,4.3,1.3,2,5.8,2.2,1.4,0.3,4.5,1.5
0,98,3.0,1.1,2,5.8,2.2,1.4,0.3,4.5,1.5
0,99,4.1,1.3,2,5.8,2.2,1.4,0.3,4.5,1.5
0,100,6.0,2.5,0,5.8,2.2,1.4,0.3,4.5,1.5
0,101,5.1,1.9,2,5.8,2.2,1.4,0.3,4.5,1.5
0,102,5.9,2.1,0,5.8,2.2,1.4,0.3,4.5,1.5
0,103,5.6,1.8,0,5.8,2.2,1.4,0.3,4.5,1.5
0,104,5.8,2.2,0,5.8,2.2,1.4,0.3,4.5,1.5
0,105,6.6,2.1,0,5.8,2.2,1.4,0.3,4.5,1.5
0,106,4.5,1.7,2,5.8,2.2,1.4,0.3,4.5,1.5
0,107,6.3,1.8,0,5.8,2.2,1.4,0.3,4.5,1.5
0,108,5.8,1.8,0,5.8,2.2,1.4,0.3,4.5,1.5
0,109,6.1,2.5,0,5.8,2.2,1.4,0.3,4.5,1.5
0,110,5.1,2.0,0,5.8,2.2,1.4,0.3,4.5,1.5
0,111,5.3,1.9,0,5.8,2.2,1.4,0.3,4.5,1.5
0,112,5.5,2.1,0,5.8,2.2,1.4,0.3,4.5,1.5
0,113,5.0,2.0,2,5.8,2.2,1.4,0.3,4.5,1.5
0,114,5.1,2.4,0,5.8,2.2,1.4,0.3,4.5,1.5
0,115,5.3,2.3,0,5.8,2.2,1.4,0.3,4.5,1.5
0,116,5.5,1.8,0,5.8,2.2,1.4,0.3,4.5,1.5
0,117,6.7,2.2,0,5.8,2.2,1.4,0.3,4.5,1.5
0,118,6.9,2.3,0,5.8,2.2,1.4,0.3,4.5,1.5
0,119,5.0,1.5,2,5.8,2.2,1.4,0.3,4.5,1.5
0,120,5.7,2.3,0,5.8,2.2,1.4,0.3,4.5,1.5
0,121,4.9,2.0,2,5.8,2.2,1.4,0.3,4.5,1.5
0,122,6.7,2.0,0,5.8,2.2,1.4,0.3,4.5,1.5
0,123,4.9,1.8,2,5.8,2.2,1.4,0.3,4.5,1.5
0,124,5.7,2.1,0,5.8,2.2,1.4,0.3,4.5,1.5
0,125,6.0,1.8,0,5.8,2.2,1.4,0.3,4.5,1.5
0,126,4.8,1.8,2,5.8,2.2,1.4,0.3,4.5,1.5
0,127,4.9,1.8,2,5.8,2.2,1.4,0.3,4.5,1.5
0,128,5.6,2.1,0,5.8,2.2,1.4,0.3,4.5,1.5
0,129,5.8,1.6,0,5.8,2.2,1.4,0.3,4.5,1.5
0,130,6.1,1.9,0,5.8,2.2,1.4,0.3,4.5,1.5
0,131,6.4,2.0,0,5.8,2.2,1.4,0.3,4.5,1.5
0,132,5.6,2.2,0,5.8,2.2,1.4,0.3,4.5,1.5
0,133,5.1,1.5,2,5.8,2.2,1.4,0.3,4.5,1.5
0,134,5.6,1.4,0,5.8,2.2,1.4,0.3,4.5,1.5
0,135,6.1,2.3,0,5.8,2.2,1.4,0.3,4.5,1.5
0,136,5.6,2.4,0,5.8,2.2,1.4,0.3,4.5,1.5
0,137,5.5,1.8,0,5.8,2.2,1.4,0.3,4.5,1.5
0,138,4.8,1.8,2,5.8,2.2,1.4,0.3,4.5,1.5
0,139,5.4,2.1,0,5.8,2.2,1.4,0.3,4.5,1.5
0,140,5.6,2.4,0,5.8,2.2,1.4,0.3,4.5,1.5
0,141,5.1,2.3,0,5.8,2.2,1.4,0.3,4.5,1.5
0,142,5.1,1.9,2,5.8,2.2,1.4,0.3,4.5,1.5
0,143,5.9,2.3,0,5.8,2.2,1.4,0.3,4.5,1.5
0,144,5.7,2.5,0,5.8,2.2,1.4,0.3,4.5,1.5
0,145,5.2,2.3,0,5.8,2.2,1.4,0.3,4.5,1.5
0,146,5.0,1.9,2,5.8,2.2,1.4,0.3,4.5,1.5
0,147,5.2,2.0,0,5.8,2.2,1.4,0.3,4.5,1.5
0,148,5.4,2.3,0,5.8,2.2,1.4,0.3,4.5,1.5
0,149,5.1,1.8,2,5.8,2.2,1.4,0.3,4.5,1.5
1,0,1.4,0.2,1,5.767567567567566,2.105405405405405,1.4620000000000002,0.2459999999999999,4.4,1.4238095238095239
1,1,1.4,0.2,1,5.767567567567566,2.105405405405405,1.4620000000000002,0.2459999999999999,4.4,1.4238095238095239
1,2,1.3,0.2,1,5.767567567567566,2.105405405405405,1.4620000000000002,0.2459999999999999,4.4,1.4238095238095239
1,3,1.5,0.2,1,5.767567567567566,2.105405405405405,1.4620000000000002,0.2459999999999999,4.4,1.4238095238095239
1,4,1.4,0.2,1,5.767567567567566,2.105405405405405,1.4620000000000002,0.2459999999999999,4.4,1.4238095238095239
1,5,1.7,0.4,1,5.767567567567566,2.105405405405405,1.4620000000000002,0.2459999999999999,4.4,1.4238095238095239
1,6,1.4,0.3,1,5.767567567567566,2.105405405405405,1.4620000000000002,0.2459999999999999,4.4,1.4238095238095239
1,7,1.5,0.2,1,5.767567567567566,2.105405405405405,1.4620000000000002,0.2459999999999999,4.4,1.4238095238095239
1,8,1.4,0.2,1,5.767567567567566,2.105405405405405,1.4620000000000002,0.2459999999999999,4.4,1.4238095238095239
1,9,1.5,0.1,1,5.767567567567566,2.105405405405405,1.4620000000000002,0.2459999999999999,4.4,1.4238095238095239
1,10,1.5,0.2,1,5.767567567567566,2.105405405405405,1.4620000000000002,0.2459999999999999,4.4,1.4238095238095239
1,11,1.6,0.2,1,5.767567567567566,2.105405405405405,1.4620000000000002,0.2459999999999999,4.4,1.4238095238095239
1,12,1.4,0.1,1,5.767567567567566,2.105405405405405,1.4620000000000002,0.2459999999999999,4.4,1.4238095238095239
1,13,1.1,0.1,1,5.767567567567566,2.105405405405405,1.4620000000000002,0.2459999999999999,4.4,1.4238095238095239
1,14,1.2,0.2,1,5.767567567567566,2.105405405405405,1.4620000000000002,0.2459999999999999,4.4,1.4238095238095239
1,15,1.5,0.4,1,5.767567567567566,2.105405405405405,1.4620000000000002,0.2459999999999999,4.4,1.4238095238095239
1,16,1.3,0.4,1,5.767567567567566,2.105405405405405,1.4620000000000002,0.2459999999999999,4.4,1.4238095238095239
1,17,1.4,0.3,1,5.767567567567566,2.105405405405405,1.4620000000000002,0.2459999999999999,4.4,1.4238095238095239
1,18,1.7,0.3,1,5.767567567567566,2.105405405405405,1.4620000000000002,0.2459999999999999,4.4,1.4238095238095239
1,19,1.5,0.3,1,5.767567567567566,2.105405405405405,1.4620000000000002,0.2459999999999999,4.4,1.4238095238095239
1,20,1.7,0.2,1,5.767567567567566,2.105405405405405,1.4620000000000002,0.2459999999999999,4.4,1.4238095238095239
1,21,1.5,0.4,1,5.767567567567566,2.105405405405405,1.4620000000000002,0.2459999999999999,4.4,1.4238095238095239
1,22,1.0,0.2,1,5.767567567567566,2.105405405405405,1.4620000000000002,0.2459999999999999,4.4,1.4238095238095239
1,23,1.7,0.5,1,5.767567567567566,2.105405405405405,1.4620000000000002,0.2459999999999999,4.4,1.4238095238095239
1,24,1.9,0.2,1,5.767567567567566,2.105405405405405,1.4620000000000002,0.2459999999999999,4.4,1.4238095238095239
1,25,1.6,0.2,1,5.767567567567566,2.105405405405405,1.4620000000000002,0.2459999999999999,4.4,1.4238095238095239
1,26,1.6,0.4,1,5.767567567567566,2.105405405405405,1.4620000000000002,0.2459999999999999,4.4,1.4238095238095239
1,27,1.5,0.2,1,5.767567567567566,2.105405405405405,1.4620000000000002,0.2459999999999999,4.4,1.4238095238095239
1,28,1.4,0.2,1,5.767567567567566,2.105405405405405,1.4620000000000002,0.2459999999999999,4.4,1.4238095238095239
1,29,1.6,0.2,1,5.767567567567566,2.105405405405405,1.4620000000000002,0.2459999999999999,4.4,1.4238095238095239
1,30,1.6,0.2,1,5.767567567567566,2.105405405405405,1.4620000000000002,0.2459999999999999,4.4,1.4238095238095239
1,31,1.5,0.4,1,5.767567567567566,2.105405405405405,1.4620000000000002,0.2459999999999999,4.4,1.4238095238095239
1,32,1.5,0.1,1,5.767567567567566,2.105405405405405,1.4620000000000002,0.2459999999999999,4.4,1.4238095238095239
1,33,1.4,0.2,1,5.767567567567566,2.105405405405405,1.4620000000000002,0.2459999999999999,4.4,1.4238095238095239
1,34,1.5,0.2,1,5.767567567567566,2.105405405405405,1.4620000000000002,0.2459999999999999,4.4,1.4238095238095239
1,35,1.2,0.2,1,5.767567567567566,2.105405405405405,1.4620000000000002,0.2459999999999999,4.4,1.4238095238095239
1,36,1.3,0.2,1,5.767567567567566,2.105405405405405,1.4620000000000002,0.2459999999999999,4.4,1.4238095238095239
1,37,1.4,0.1,1,5.767567567567566,2.105405405405405,1.4620000000000002,0.2459999999999999,4.4,1.4238095238095239
1,38,1.3,0.2,1,5.767567567567566,2.105405405405405,1.4620000000000002,0.2459999999999999,4.4,1.4238095238095239
1,39,1.5,0.2,1,5.767567567567566,2.105405405405405,1.4620000000000002,0.2459999999999999,4.4,1.4238095238095239
1,40,1.3,0.3,1,5.767567567567566,2.105405405405405,1.4620000000000002,0.2459999999999999,4.4,1.4238095238095239
1,41,1.3,0.3,1,5.767567567567566,2.105405405405405,1.4620000000000002,0.2459999999999999,4.4,1.4238095238095239
1,42,1.3,0.2,1,5.767567567567566,2.105405405405405,1.4620000000000002,0.2459999999999999,4.4,1.4238095238095239
1,43,1.6,0.6,1,5.767567567567566,2.105405405405405,1.4620000000000002,0.2459999999999999,4.4,1.4238095238095239
1,44,1.9,0.4,1,5.767567567567566,2.105405405405405,1.4620000000000002,0.2459999999999999,4.4,1.4238095238095239
1,45,1.4,0.3,1,5.767567567567566,2.105405405405405,1.4620000000000002,0.2459999999999999,4.4,1.4238095238095239
1,46,1.6,0.2,1,5.767567567567566,2.105405405405405,1.4620000000000002,0.2459999999999999,4.4,1.4238095238095239
1,47,1.4,0.2,1,5.767567567567566,2.105405405405405,1.4620000000000002,0.2459999999999999,4.4,1.4238095238095239
1,48,1.5,0.2,1,5.767567567567566,2.105405405405405,1.4620000000000002,0.2459999999999999,4.4,1.4238095238095239
1,49,1.4,0.2,1,5.767567567567566,2.105405405405405,1.4620000000000002,0.2459999999999999,4.4,1.4238095238095239
1,50,4.7,1.4,2,5.767567567567566,2.105405405405405,1.4620000000000002,0.2459999999999999,4.4,1.4238095238095239
1,51,4.5,1.5,2,5.767567567567566,2.105405405405405,1.4620000000000002,0.2459999999999999,4.4,1.4238095238095239
1,52,4.9,1.5,2,5.767567567567566,2.105405405405405,1.4620000000000002,0.2459999999999999,4.4,1.4238095238095239
1,53,4.0,1.3,2,5.767567567567566,2.105405405405405,1.4620000000000002,0.2459999999999999,4.4,1.4238095238095239
1,54,4.6,1.5,2,5.767567567567566,2.105405405405405,1.4620000000000002,0.2459999999999999,4.4,1.4238095238095239
1,55,4.5,1.3,2,5.767567567567566,2.105405405405405,1.4620000000000002,0.2459999999999999,4.4,1.4238095238095239
1,56,4.7,1.6,2,5.767567567567566,2.105405405405405,1.4620000000000002,0.2459999999999999,4.4,1.4238095238095239
1,57,3.3,1.0,2,5.767567567567566,2.105405405405405,1.4620000000000002,0.2459999999999999,4.4,1.4238095238095239
1,58,4.6,1.3,2,5.767567567567566,2.105405405405405,1.4620000000000002,0.2459999999999999,4.4,1.4238095238095239
1,59,3.9,1.4,2,5.767567567567566,2.105405405405405,1.4620000000000002,0.2459999999999999,4.4,1.4238095238095239
1,60,3.5,1.0,2,5.767567567567566,2.105405405405405,1.4620000000000002,0.2459999999999999,4.4,1.4238095238095239
1,61,4.2,1.5,2,5.767567567567566,2.105405405405405,1.4620000000000002,0.2459999999999999,4.4,1.4238095238095239
1,62,4.0,1.0,2,5.767567567567566,2.105405405405405,1.4620000000000002,0.2459999999999999,4.4,1.4238095238095239
1,63,4.7,1.4,2,5.767567567567566,2.105405405405405,1.4620000000000002,0.2459999999999999,4.4,1.4238095238095239
1,64,3.6,1.3,2,5.767567567567566,2.105405405405405,1.4620000000000002,0.2459999999999999,4.4,1.4238095238095239
1,65,4.4,1.4,2,5.767567567567566,2.105405405405405,1.4620000000000002,0.2459999999999999,4.4,1.4238095238095239
1,66,4.5,1.5,2,5.767567567567566,2.105405405405405,1.4620000000000002,0.2459999999999999,4.4,1.4238095238095239
1,67,4.1,1.0,2,5.767567567567566,2.105405405405405,1.4620000000000002,0.2459999999999999,4.4,1.4238095238095239
1,68,4.5,1.5,2,5.767567567567566,2.105405405405405,1.4620000000000002,0.2459999999999999,4.4,1.4238095238095239
1,69,3.9,1.1,2,5.767567567567566,2.105405405405405,1.4620000000000002,0.2459999999999999,4.4,1.4238095238095239
1,70,4.8,1.8,2,5.767567567567566,2.105405405405405,1.4620000000000002,0.2459999999999999,4.4,1.4238095238095239
1,71,4.0,1.3,2,5.767567567567566,2.105405405405405,1.4620000000000002,0.2459999999999999,4.4,1.4238095238095239
1,72,4.9,1.5,2,5.767567567567566,2.105405405405405,1.4620000000000002,0.2459999999999999,4.4,1.4238095238095239
1,73,4.7,1.2,2,5.767567567567566,2.105405405405405,1.4620000000000002,0.2459999999999999,4.4,1.4238095238095239
1,74,4.3,1.3,2,5.767567567567566,2.105405405405405,1.4620000000000002,0.2459999999999999,4.4,1.4238095238095239
1,75,4.4,1.4,2,5.767567567567566,2.105405405405405,1.4620000000000002,0.2459999999999999,4.4,1.4238095238095239
1,76,4.8,1.4,2,5.767567567567566,2.105405405405405,1.4620000000000002,0.2459999999999999,4.4,1.4238095238095239
1,77,5.0,1.7,2,5.767567567567566,2.105405405405405,1.4620000000000002,0.2459999999999999,4.4,1.4238095238095239
1,78,4.5,1.5,2,5.767567567567566,2.105405405405405,1.4620000000000002,0.2459999999999999,4.4,1.4238095238095239
1,79,3.5,1.0,2,5.767567567567566,2.105405405405405,1.4620000000000002,0.2459999999999999,4.4,1.4238095238095239
1,80,3.8,1.1,2,5.767567567567566,2.105405405405405,1.4620000000000002,0.2459999999999999,4.4,1.4238095238095239
1,81,3.7,1.0,2,5.767567567567566,2.105405405405405,1.4620000000000002,0.2459999999999999,4.4,1.4238095238095239
1,82,3.9,1.2,2,5.767567567567566,2.105405405405405,1.4620000000000002,0.2459999999999999,4.4,1.4238095238095239
1,83,5.1,1.6,2,5.767567567567566,2.105405405405405,1.4620000000000002,0.2459999999999999,4.4,1.4238095238095239
1,84,4.5,1.5,2,5.767567567567566,2.105405405405405,1.4620000000000002,0.2459999999999999,4.4,1.4238095238095239
1,85,4.5,1.6,2,5.767567567567566,2.105405405405405,1.4620000000000002,0.2459999999999999,4.4,1.4238095238095239
1,86,4.7,1.5,2,5.767567567567566,2.105405405405405,1.4620000000000002,0.2459999999999999,4.4,1.4238095238095239
1,87,4.4,1.3,2,5.767567567567566,2.105405405405405,1.4620000000000002,0.2459999999999999,4.4,1.4238095238095239
1,88,4.1,1.3,2,5.767567567567566,2.105405405405405,1.4620000000000002,0.2459999999999999,4.4,1.4238095238095239
1,89,4.0,1.3,2,5.767567567567566,2.105405405405405,1.4620000000000002,0.2459999999999999,4.4,1.4238095238095239
1,90,4.4,1.2,2,5.767567567567566,2.105405405405405,1.4620000000000002,0.2459999999999999,4.4,1.4238095238095239
1,91,4.6,1.4,2,5.767567567567566,2.105405405405405,1.4620000000000002,0.2459999999999999,4.4,1.4238095238095239
1,92,4.0,1.2,2,5.767567567567566,2.105405405405405,1.4620000000000002,0.2459999999999999,4.4,1.4238095238095239
1,93,3.3,1.0,2,5.767567567567566,2.105405405405405,1.4620000000000002,0.2459999999999999,4.4,1.4238095238095239
1,94,4.2,1.3,2,5.767567567567566,2.105405405405405,1.4620000000000002,0.2459999999999999,4.4,1.4238095238095239
1,95,4.2,1.2,2,5.767567567567566,2.105405405405405,1.4620000000000002,0.2459999999999999,4.4,1.4238095238095239
1,96,4.2,1.3,2,5.767567567567566,2.105405405405405,1.4620000000000002,0.2459999999999999,4.4,1.4238095238095239
1,97,4.3,1.3,2,5.767567567567566,2.105405405405405,1.4620000000000002,0.2459999999999999,4.4,1.4238095238095239
1,98,3.0,1.1,2,5.767567567567566,2.105405405405405,1.4620000000000002,0.2459999999999999,4.4,1.4238095238095239
1,99,4.1,1.3,2,5.767567567567566,2.105405405405405,1.4620000000000002,0.2459999999999999,4.4,1.4238095238095239
1,100,6.0,2.5,0,5.767567567567566,2.105405405405405,1.4620000000000002,0.2459999999999999,4.4,1.4238095238095239
1,101,5.1,1.9,0,5.767567567567566,2.105405405405405,1.4620000000000002,0.2459999999999999,4.4,1.4238095238095239
1,102,5.9,2.1,0,5.767567567567566,2.105405405405405,1.4620000000000002,0.2459999999999999,4.4,1.4238095238095239
1,103,5.6,1.8,0,5.767567567567566,2.105405405405405,1.4620000000000002,0.2459999999999999,4.4,1.4238095238095239
1,104,5.8,2.2,0,5.767567567567566,2.105405405405405,1.4620000000000002,0.2459999999999999,4.4,1.4238095238095239
1,105,6.6,2.1,0,5.767567567567566,2.105405405405405,1.4620000000000002,0.2459999999999999,4.4,1.4238095238095239
1,106,4.5,1.7,2,5.767567567567566,2.105405405405405,1.4620000000000002,0.2459999999999999,4.4,1.4238095238095239
1,107,6.3,1.8,0,5.767567567567566,2.105405405405405,1.4620000000000002,0.2459999999999999,4.4,1.4238095238095239
1,108,5.8,1.8,0,5.767567567567566,2.105405405405405,1.4620000000000002,0.2459999999999999,4.4,1.4238095238095239
1,109,6.1,2.5,0,5.767567567567566,2.105405405405405,1.4620000000000002,0.2459999999999999,4.4,1.4238095238095239
1,110,5.1,2.0,0,5.767567567567566,2.105405405405405,1.4620000000000002,0.2459999999999999,4.4,1.4238095238095239
1,111,5.3,1.9,0,5.767567567567566,2.105405405405405,1.4620000000000002,0.2459999999999999,4.4,1.4238095238095239
1,112,5.5,2.1,0,5.767567567567566,2.105405405405405,1.4620000000000002,0.2459999999999999,4.4,1.4238095238095239
1,113,5.0,2.0,0,5.767567567567566,2.105405405405405,1.4620000000000002,0.2459999999999999,4.4,1.4238095238095239
1,114,5.1,2.4,0,5.767567567567566,2.105405405405405,1.4620000000000002,0.2459999999999999,4.4,1.4238095238095239
1,115,5.3,2.3,0,5.767567567567566,2.105405405405405,1.4620000000000002,0.2459999999999999,4.4,1.4238095238095239
1,116,5.5,1.8,0,5.767567567567566,2.105405405405405,1.4620000000000002,0.2459999999999999,4.4,1.4238095238095239
1,117,6.7,2.2,0,5.767567567567566,2.105405405405405,1.4620000000000002,0.2459999999999999,4.4,1.4238095238095239
1,118,6.9,2.3,0,5.767567567567566,2.105405405405405,1.4620000000000002,0.2459999999999999,4.4,1.4238095238095239
1,119,5.0,1.5,2,5.767567567567566,2.105405405405405,1.4620000000000002,0.2459999999999999,4.4,1.4238095238095239
1,120,5.7,2.3,0,5.767567567567566,2.105405405405405,1.4620000000000002,0.2459999999999999,4.4,1.4238095238095239
1,121,4.9,2.0,2,5.767567567567566,2.105405405405405,1.4620000000000002,0.2459999999999999,4.4,1.4238095238095239
1,122,6.7,2.0,0,5.767567567567566,2.105405405405405,1.4620000000000002,0.2459999999999999,4.4,1.4238095238095239
1,123,4.9,1.8,2,5.767567567567566,2.105405405405405,1.4620000000000002,0.2459999999999999,4.4,1.4238095238095239
1,124,5.7,2.1,0,5.767567567567566,2.105405405405405,1.4620000000000002,0.2459999999999999,4.4,1.4238095238095239
1,125,6.0,1.8,0,5.767567567567566,2.105405405405405,1.4620000000000002,0.2459999999999999,4.4,1.4238095238095239
1,126,4.8,1.8,2,5.767567567567566,2.105405405405405,1.4620000000000002,0.2459999999999999,4.4,1.4238095238095239
1,127,4.9,1.8,2,5.767567567567566,2.105405405405405,1.4620000000000002,0.2459999999999999,4.4,1.4238095238095239
1,128,5.6,2.1,0,5.767567567567566,2.105405405405405,1.4620000000000002,0.2459999999999999,4.4,1.4238095238095239
1,129,5.8,1.6,0,5.767567567567566,2.105405405405405,1.4620000000000002,0.2459999999999999,4.4,1.4238095238095239
1,130,6.1,1.9,0,5.767567567567566,2.105405405405405,1.4620000000000002,0.2459999999999999,4.4,1.4238095238095239
1,131,6.4,2.0,0,5.767567567567566,2.105405405405405,1.4620000000000002,0.2459999999999999,4.4,1.4238095238095239
1,132,5.6,2.2,0,5.767567567567566,2.105405405405405,1.4620000000000002,0.2459999999999999,4.4,1.4238095238095239
1,133,5.1,1.5,2,5.767567567567566,2.105405405405405,1.4620000000000002,0.2459999999999999,4.4,1.4238095238095239
1,134,5.6,1.4,0,5.767567567567566,2.105405405405405,1.4620000000000002,0.2459999999999999,4.4,1.4238095238095239
1,135,6.1,2.3,0,5.767567567567566,2.105405405405405,1.4620000000000002,0.2459999999999999,4.4,1.4238095238095239
1,136,5.6,2.4,0,5.767567567567566,2.105405405405405,1.4620000000000002,0.2459999999999999,4.4,1.4238095238095239
1,137,5.5,1.8,0,5.767567567567566,2.105405405405405,1.4620000000000002,0.2459999999999999,4.4,1.4238095238095239
1,138,4.8,1.8,2,5.767567567567566,2.105405405405405,1.4620000000000002,0.2459999999999999,4.4,1.4238095238095239
1,139,5.4,2.1,0,5.767567567567566,2.105405405405405,1.4620000000000002,0.2459999999999999,4.4,1.4238095238095239
1,140,5.6,2.4,0,5.767567567567566,2.105405405405405,1.4620000000000002,0.2459999999999999,4.4,1.4238095238095239
1,141,5.1,2.3,0,5.767567567567566,2.105405405405405,1.4620000000000002,0.2459999999999999,4.4,1.4238095238095239
1,142,5.1,1.9,0,5.767567567567566,2.105405405405405,1.4620000000000002,0.2459999999999999,4.4,1.4238095238095239
1,143,5.9,2.3,0,5.767567567567566,2.105405405405405,1.4620000000000002,0.2459999999999999,4.4,1.4238095238095239
1,144,5.7,2.5,0,5.767567567567566,2.105405405405405,1.4620000000000002,0.2459999999999999,4.4,1.4238095238095239
1,145,5.2,2.3,0,5.767567567567566,2.105405405405405,1.4620000000000002,0.2459999999999999,4.4,1.4238095238095239
1,146,5.0,1.9,2,5.767567567567566,2.105405405405405,1.4620000000000002,0.2459999999999999,4.4,1.4238095238095239
1,147,5.2,2.0,0,5.767567567567566,2.105405405405405,1.4620000000000002,0.2459999999999999,4.4,1.4238095238095239
1,148,5.4,2.3,0,5.767567567567566,2.105405405405405,1.4620000000000002,0.2459999999999999,4.4,1.4238095238095239
1,149,5.1,1.8,0,5.767567567567566,2.105405405405405,1.4620000000000002,0.2459999999999999,4.4,1.4238095238095239
2,0,1.4,0.2,1,5.699999999999999,2.085365853658536,1.4620000000000002,0.2459999999999999,4.354237288135593,1.3915254237288135
2,1,1.4,0.2,1,5.699999999999999,2.085365853658536,1.4620000000000002,0.2459999999999999,4.354237288135593,1.3915254237288135
2,2,1.3,0.2,1,5.699999999999999,2.085365853658536,1.4620000000000002,0.2459999999999999,4.354237288135593,1.3915254237288135
2,3,1.5,0.2,1,5.699999999999999,2.085365853658536,1.4620000000000002,0.2459999999999999,4.354237288135593,1.3915254237288135
2,4,1.4,0.2,1,5.699999999999999,2.085365853658536,1.4620000000000002,0.2459999999999999,4.354237288135593,1.3915254237288135
2,5,1.7,0.4,1,5.699999999999999,2.085365853658536,1.4620000000000002,0.2459999999999999,4.354237288135593,1.3915254237288135
2,6,1.4,0.3,1,5.699999999999999,2.085365853658536,1.4620000000000002,0.2459999999999999,4.354237288135593,1.3915254237288135
2,7,1.5,0.2,1,5.699999999999999,2.085365853658536,1.4620000000000002,0.2459999999999999,4.354237288135593,1.3915254237288135
2,8,1.4,0.2,1,5.699999999999999,2.085365853658536,1.4620000000000002,0.2459999999999999,4.354237288135593,1.3915254237288135
2,9,1.5,0.1,1,5.699999999999999,2.085365853658536,1.4620000000000002,0.2459999999999999,4.354237288135593,1.3915254237288135
2,10,1.5,0.2,1,5.699999999999999,2.085365853658536,1.4620000000000002,0.2459999999999999,4.354237288135593,1.3915254237288135
2,11,1.6,0.2,1,5.699999999999999,2.085365853658536,1.4620000000000002,0.2459999999999999,4.354237288135593,1.3915254237288135
2,12,1.4,0.1,1,5.699999999999999,2.085365853658536,1.4620000000000002,0.2459999999999999,4.354237288135593,1.3915254237288135
2,13,1.1,0.1,1,5.699999999999999,2.085365853658536,1.4620000000000002,0.2459999999999999,4.354237288135593,1.3915254237288135
2,14,1.2,0.2,1,5.699999999999999,2.085365853658536,1.4620000000000002,0.2459999999999999,4.354237288135593,1.3915254237288135
2,15,1.5,0.4,1,5.699999999999999,2.085365853658536,1.4620000000000002,0.2459999999999999,4.354237288135593,1.3915254237288135
2,16,1.3,0.4,1,5.699999999999999,2.085365853658536,1.4620000000000002,0.2459999999999999,4.354237288135593,1.3915254237288135
2,17,1.4,0.3,1,5.699999999999999,2.085365853658536,1.4620000000000002,0.2459999999999999,4.354237288135593,1.3915254237288135
2,18,1.7,0.3,1,5.699999999999999,2.085365853658536,1.4620000000000002,0.2459999999999999,4.354237288135593,1.3915254237288135
2,19,1.5,0.3,1,5.699999999999999,2.085365853658536,1.4620000000000002,0.2459999999999999,4.354237288135593,1.3915254237288135
2,20,1.7,0.2,1,5.699999999999999,2.085365853658536,1.4620000000000002,0.2459999999999999,4.354237288135593,1.3915254237288135
2,21,1.5,0.4,1,5.699999999999999,2.085365853658536,1.4620000000000002,0.2459999999999999,4.354237288135593,1.3915254237288135
2,22,1.0,0.2,1,5.699999999999999,2.085365853658536,1.4620000000000002,0.2459999999999999,4.354237288135593,1.3915254237288135
2,23,1.7,0.5,1,5.699999999999999,2.085365853658536,1.4620000000000002,0.2459999999999999,4.354237288135593,1.3915254237288135
2,24,1.9,0.2,1,5.699999999999999,2.085365853658536,1.4620000000000002,0.2459999999999999,4.354237288135593,1.3915254237288135
2,25,1.6,0.2,1,5.699999999999999,2.085365853658536,1.4620000000000002,0.2459999999999999,4.354237288135593,1.3915254237288135
2,26,1.6,0.4,1,5.699999999999999,2.085365853658536,1.4620000000000002,0.2459999999999999,4.354237288135593,1.3915254237288135
2,27,1.5,0.2,1,5.699999999999999,2.085365853658536,1.4620000000000002,0.2459999999999999,4.354237288135593,1.3915254237288135
2,28,1.4,0.2,1,5.699999999999999,2.085365853658536,1.4620000000000002,0.2459999999999999,4.354237288135593,1.3915254237288135
2,29,1.6,0.2,1,5.699999999999999,2.085365853658536,1.4620000000000002,0.2459999999999999,4.354237288135593,1.3915254237288135
2,30,1.6,0.2,1,5.699999999999999,2.085365853658536,1.4620000000000002,0.2459999999999999,4.354237288135593,1.3915254237288135
2,31,1.5,0.4,1,5.699999999999999,2.085365853658536,1.4620000000000002,0.2459999999999999,4.354237288135593,1.3915254237288135
2,32,1.5,0.1,1,5.699999999999999,2.085365853658536,1.4620000000000002,0.2459999999999999,4.354237288135593,1.3915254237288135
2,33,1.4,0.2,1,5.699999999999999,2.085365853658536,1.4620000000000002,0.2459999999999999,4.354237288135593,1.3915254237288135
2,34,1.5,0.2,1,5.699999999999999,2.085365853658536,1.4620000000000002,0.2459999999999999,4.354237288135593,1.3915254237288135
2,35,1.2,0.2,1,5.699999999999999,2.085365853658536,1.4620000000000002,0.2459999999999999,4.354237288135593,1.3915254237288135
2,36,1.3,0.2,1,5.699999999999999,2.085365853658536,1.4620000000000002,0.2459999999999999,4.354237288135593,1.3915254237288135
2,37,1.4,0.1,1,5.699999999999999,2.085365853658536,1.4620000000000002,0.2459999999999999,4.354237288135593,1.3915254237288135
2,38,1.3,0.2,1,5.699999999999999,2.085365853658536,1.4620000000000002,0.2459999999999999,4.354237288135593,1.3915254237288135
2,39,1.5,0.2,1,5.699999999999999,2.085365853658536,1.4620000000000002,0.2459999999999999,4.354237288135593,1.3915254237288135
2,40,1.3,0.3,1,5.699999999999999,2.085365853658536,1.4620000000000002,0.2459999999999999,4.354237288135593,1.3915254237288135
2,41,1.3,0.3,1,5.699999999999999,2.085365853658536,1.4620000000000002,0.2459999999999999,4.354237288135593,1.3915254237288135
2,42,1.3,0.2,1,5.699999999999999,2.085365853658536,1.4620000000000002,0.2459999999999999,4.354237288135593,1.3915254237288135
2,43,1.6,0.6,1,5.699999999999999,2.085365853658536,1.4620000000000002,0.2459999999999999,4.354237288135593,1.3915254237288135
2,44,1.9,0.4,1,5.699999999999999,2.085365853658536,1.4620000000000002,0.2459999999999999,4.354237288135593,1.3915254237288135
2,45,1.4,0.3,1,5.699999999999999,2.085365853658536,1.4620000000000002,0.2459999999999999,4.354237288135593,1.3915254237288135
2,46,1.6,0.2,1,5.699999999999999,2.085365853658536,1.4620000000000002,0.2459999999999999,4.354237288135593,1.3915254237288135
2,47,1.4,0.2,1,5.699999999999999,2.085365853658536,1.4620000000000002,0.2459999999999999,4.354237288135593,1.3915254237288135
2,48,1.5,0.2,1,5.699999999999999,2.085365853658536,1.4620000000000002,0.2459999999999999,4.354237288135593,1.3915254237288135
2,49,1.4,0.2,1,5.699999999999999,2.085365853658536,1.4620000000000002,0.2459999999999999,4.354237288135593,1.3915254237288135
2,50,4.7,1.4,2,5.699999999999999,2.085365853658536,1.4620000000000002,0.2459999999999999,4.354237288135593,1.3915254237288135
2,51,4.5,1.5,2,5.699999999999999,2.085365853658536,1.4620000000000002,0.2459999999999999,4.354237288135593,1.3915254237288135
2,52,4.9,1.5,2,5.699999999999999,2.085365853658536,1.4620000000000002,0.2459999999999999,4.354237288135593,1.3915254237288135
2,53,4.0,1.3,2,5.699999999999999,2.085365853658536,1.4620000000000002,0.2459999999999999,4.354237288135593,1.3915254237288135
2,54,4.6,1.5,2,5.699999999999999,2.085365853658536,1.4620000000000002,0.2459999999999999,4.354237288135593,1.3915254237288135
2,55,4.5,1.3,2,5.699999999999999,2.085365853658536,1.4620000000000002,0.2459999999999999,4.354237288135593,1.3915254237288135
2,56,4.7,1.6,2,5.699999999999999,2.085365853658536,1.4620000000000002,0.2459999999999999,4.354237288135593,1.3915254237288135
2,57,3.3,1.0,2,5.699999999999999,2.085365853658536,1.4620000000000002,0.2459999999999999,4.354237288135593,1.3915254237288135
2,58,4.6,1.3,2,5.699999999999999,2.085365853658536,1.4620000000000002,0.2459999999999999,4.354237288135593,1.3915254237288135
2,59,3.9,1.4,2,5.699999999999999,2.085365853658536,1.4620000000000002,0.2459999999999999,4.354237288135593,1.3915254237288135
2,60,3.5,1.0,2,5.699999999999999,2.085365853658536,1.4620000000000002,0.2459999999999999,4.354237288135593,1.3915254237288135
2,61,4.2,1.5,2,5.699999999999999,2.085365853658536,1.4620000000000002,0.2459999999999999,4.354237288135593,1.3915254237288135
2,62,4.0,1.0,2,5.699999999999999,2.085365853658536,1.4620000000000002,0.2459999999999999,4.354237288135593,1.3915254237288135
2,63,4.7,1.4,2,5.699999999999999,2.085365853658536,1.4620000000000002,0.2459999999999999,4.354237288135593,1.3915254237288135
2,64,3.6,1.3,2,5.699999999999999,2.085365853658536,1.4620000000000002,0.2459999999999999,4.354237288135593,1.3915254237288135
2,65,4.4,1.4,2,5.699999999999999,2.085365853658536,1.4620000000000002,0.2459999999999999,4.354237288135593,1.3915254237288135
2,66,4.5,1.5,2,5.699999999999999,2.085365853658536,1.4620000000000002,0.2459999999999999,4.354237288135593,1.3915254237288135
2,67,4.1,1.0,2,5.699999999999999,2.085365853658536,1.4620000000000002,0.2459999999999999,4.354237288135593,1.3915254237288135
2,68,4.5,1.5,2,5.699999999999999,2.085365853658536,1.4620000000000002,0.2459999999999999,4.354237288135593,1.3915254237288135
2,69,3.9,1.1,2,5.699999999999999,2.085365853658536,1.4620000000000002,0.2459999999999999,4.354237288135593,1.3915254237288135
2,70,4.8,1.8,2,5.699999999999999,2.085365853658536,1.4620000000000002,0.2459999999999999,4.354237288135593,1.3915254237288135
2,71,4.0,1.3,2,5.699999999999999,2.085365853658536,1.4620000000000002,0.2459999999999999,4.354237288135593,1.3915254237288135
2,72,4.9,1.5,2,5.699999999999999,2.085365853658536,1.4620000000000002,0.2459999999999999,4.354237288135593,1.3915254237288135
2,73,4.7,1.2,2,5.699999999999999,2.085365853658536,1.4620000000000002,0.2459999999999999,4.354237288135593,1.3915254237288135
2,74,4.3,1.3,2,5.699999999999999,2.085365853658536,1.4620000000000002,0.2459999999999999,4.354237288135593,1.3915254237288135
2,75,4.4,1.4,2,5.699999999999999,2.085365853658536,1.4620000000000002,0.2459999999999999,4.354237288135593,1.3915254237288135
2,76,4.8,1.4,2,5.699999999999999,2.085365853658536,1.4620000000000002,0.2459999999999999,4.354237288135593,1.3915254237288135
2,77,5.0,1.7,2,5.699999999999999,2.085365853658536,1.4620000000000002,0.2459999999999999,4.354237288135593,1.3915254237288135
2,78,4.5,1.5,2,5.699999999999999,2.085365853658536,1.4620000000000002,0.2459999999999999,4.354237288135593,1.3915254237288135
2,79,3.5,1.0,2,5.699999999999999,2.085365853658536,1.4620000000000002,0.2459999999999999,4.354237288135593,1.3915254237288135
2,80,3.8,1.1,2,5.699999999999999,2.085365853658536,1.4620000000000002,0.2459999999999999,4.354237288135593,1.3915254237288135
2,81,3.7,1.0,2,5.699999999999999,2.085365853658536,1.4620000000000002,0.2459999999999999,4.354237288135593,1.3915254237288135
2,82,3.9,1.2,2,5.699999999999999,2.085365853658536,1.4620000000000002,0.2459999999999999,4.354237288135593,1.3915254237288135
2,83,5.1,1.6,0,5.699999999999999,2.085365853658536,1.4620000000000002,0.2459999999999999,4.354237288135593,1.3915254237288135
2,84,4.5,1.5,2,5.699999999999999,2.085365853658536,1.4620000000000002,0.2459999999999999,4.354237288135593,1.3915254237288135
2,85,4.5,1.6,2,5.699999999999999,2.085365853658536,1.4620000000000002,0.2459999999999999,4.354237288135593,1.3915254237288135
2,86,4.7,1.5,2,5.699999999999999,2.085365853658536,1.4620000000000002,0.2459999999999999,4.354237288135593,1.3915254237288135
2,87,4.4,1.3,2,5.699999999999999,2.085365853658536,1.4620000000000002,0.2459999999999999,4.354237288135593,1.3915254237288135
2,88,4.1,1.3,2,5.699999999999999,2.085365853658536,1.4620000000000002,0.2459999999999999,4.354237288135593,1.3915254237288135
2,89,4.0,1.3,2,5.699999999999999,2.085365853658536,1.4620000000000002,0.2459999999999999,4.354237288135593,1.3915254237288135
2,90,4.4,1.2,2,5.699999999999999,2.085365853658536,1.4620000000000002,0.2459999999999999,4.354237288135593,1.3915254237288135
2,91,4.6,1.4,2,5.699999999999999,2.085365853658536,1.4620000000000002,0.2459999999999999,4.354237288135593,1.3915254237288135
2,92,4.0,1.2,2,5.699999999999999,2.085365853658536,1.4620000000000002,0.2459999999999999,4.354237288135593,1.3915254237288135
2,93,3.3,1.0,2,5.699999999999999,2.085365853658536,1.4620000000000002,0.2459999999999999,4.354237288135593,1.3915254237288135
2,94,4.2,1.3,2,5.699999999999999,2.085365853658536,1.4620000000000002,0.2459999999999999,4.354237288135593,1.3915254237288135
2,95,4.2,1.2,2,5.699999999999999,2.085365853658536,1.4620000000000002,0.2459999999999999,4.354237288135593,1.3915254237288135
2,96,4.2,1.3,2,5.699999999999999,2.085365853658536,1.4620000000000002,0.2459999999999999,4.354237288135593,1.3915254237288135
2,97,4.3,1.3,2,5.699999999999999,2.085365853658536,1.4620000000000002,0.2459999999999999,4.354237288135593,1.3915254237288135
2,98,3.0,1.1,2,5.699999999999999,2.085365853658536,1.4620000000000002,0.2459999999999999,4.354237288135593,1.3915254237288135
2,99,4.1,1.3,2,5.699999999999999,2.085365853658536,1.4620000000000002,0.2459999999999999,4.354237288135593,1.3915254237288135
2,100,6.0,2.5,0,5.699999999999999,2.085365853658536,1.4620000000000002,0.2459999999999999,4.354237288135593,1.3915254237288135
2,101,5.1,1.9,0,5.699999999999999,2.085365853658536,1.4620000000000002,0.2459999999999999,4.354237288135593,1.3915254237288135
2,102,5.9,2.1,0,5.699999999999999,2.085365853658536,1.4620000000000002,0.2459999999999999,4.354237288135593,1.3915254237288135
2,103,5.6,1.8,0,5.699999999999999,2.085365853658536,1.4620000000000002,0.2459999999999999,4.354237288135593,1.3915254237288135
2,104,5.8,2.2,0,5.699999999999999,2.085365853658536,1.4620000000000002,0.2459999999999999,4.354237288135593,1.3915254237288135
2,105,6.6,2.1,0,5.699999999999999,2.085365853658536,1.4620000000000002,0.2459999999999999,4.354237288135593,1.3915254237288135
2,106,4.5,1.7,2,5.699999999999999,2.085365853658536,1.4620000000000002,0.2459999999999999,4.354237288135593,1.3915254237288135
2,107,6.3,1.8,0,5.699999999999999,2.085365853658536,1.4620000000000002,0.2459999999999999,4.354237288135593,1.3915254237288135
2,108,5.8,1.8,0,5.699999999999999,2.085365853658536,1.4620000000000002,0.2459999999999999,4.354237288135593,1.3915254237288135
2,109,6.1,2.5,0,5.699999999999999,2.085365853658536,1.4620000000000002,0.2459999999999999,4.354237288135593,1.3915254237288135
2,110,5.1,2.0,0,5.699999999999999,2.085365853658536,1.4620000000000002,0.2459999999999999,4.354237288135593,1.3915254237288135
2,111,5.3,1.9,0,5.699999999999999,2.085365853658536,1.4620000000000002,0.2459999999999999,4.354237288135593,1.3915254237288135
2,112,5.5,2.1,0,5.699999999999999,2.085365853658536,1.4620000000000002,0.2459999999999999,4.354237288135593,1.3915254237288135
2,113,5.0,2.0,0,5.699999999999999,2.085365853658536,1.4620000000000002,0.2459999999999999,4.354237288135593,1.3915254237288135
2,114,5.1,2.4,0,5.699999999999999,2.085365853658536,1.4620000000000002,0.2459999999999999,4.354237288135593,1.3915254237288135
2,115,5.3,2.3,0,5.699999999999999,2.085365853658536,1.4620000000000002,0.2459999999999999,4.354237288135593,1.3915254237288135
2,116,5.5,1.8,0,5.699999999999999,2.085365853658536,1.4620000000000002,0.2459999999999999,4.354237288135593,1.3915254237288135
2,117,6.7,2.2,0,5.699999999999999,2.085365853658536,1.4620000000000002,0.2459999999999999,4.354237288135593,1.3915254237288135
2,118,6.9,2.3,0,5.699999999999999,2.085365853658536,1.4620000000000002,0.2459999999999999,4.354237288135593,1.3915254237288135
2,119,5.0,1.5,2,5.699999999999999,2.085365853658536,1.4620000000000002,0.2459999999999999,4.354237288135593,1.3915254237288135
2,120,5.7,2.3,0,5.699999999999999,2.085365853658536,1.4620000000000002,0.2459999999999999,4.354237288135593,1.3915254237288135
2,121,4.9,2.0,0,5.699999999999999,2.085365853658536,1.4620000000000002,0.2459999999999999,4.354237288135593,1.3915254237288135
2,122,6.7,2.0,0,5.699999999999999,2.085365853658536,1.4620000000000002,0.2459999999999999,4.354237288135593,1.3915254237288135
2,123,4.9,1.8,2,5.699999999999999,2.085365853658536,1.4620000000000002,0.2459999999999999,4.354237288135593,1.3915254237288135
2,124,5.7,2.1,0,5.699999999999999,2.085365853658536,1.4620000000000002,0.2459999999999999,4.354237288135593,1.3915254237288135
2,125,6.0,1.8,0,5.699999999999999,2.085365853658536,1.4620000000000002,0.2459999999999999,4.354237288135593,1.3915254237288135
2,126,4.8,1.8,2,5.699999999999999,2.085365853658536,1.4620000000000002,0.2459999999999999,4.354237288135593,1.3915254237288135
2,127,4.9,1.8,2,5.699999999999999,2.085365853658536,1.4620000000000002,0.2459999999999999,4.354237288135593,1.3915254237288135
2,128,5.6,2.1,0,5.699999999999999,2.085365853658536,1.4620000000000002,0.2459999999999999,4.354237288135593,1.3915254237288135
2,129,5.8,1.6,0,5.699999999999999,2.085365853658536,1.4620000000000002,0.2459999999999999,4.354237288135593,1.3915254237288135
2,130,6.1,1.9,0,5.699999999999999,2.085365853658536,1.4620000000000002,0.2459999999999999,4.354237288135593,1.3915254237288135
2,131,6.4,2.0,0,5.699999999999999,2.085365853658536,1.4620000000000002,0.2459999999999999,4.354237288135593,1.3915254237288135
2,132,5.6,2.2,0,5.699999999999999,2.085365853658536,1.4620000000000002,0.2459999999999999,4.354237288135593,1.3915254237288135
2,133,5.1,1.5,2,5.699999999999999,2.085365853658536,1.4620000000000002,0.2459999999999999,4.354237288135593,1.3915254237288135
2,134,5.6,1.4,0,5.699999999999999,2.085365853658536,1.4620000000000002,0.2459999999999999,4.354237288135593,1.3915254237288135
2,135,6.1,2.3,0,5.699999999999999,2.085365853658536,1.4620000000000002,0.2459999999999999,4.354237288135593,1.3915254237288135
2,136,5.6,2.4,0,5.699999999999999,2.085365853658536,1.4620000000000002,0.2459999999999999,4.354237288135593,1.3915254237288135
2,137,5.5,1.8,0,5.699999999999999,2.085365853658536,1.4620000000000002,0.2459999999999999,4.354237288135593,1.3915254237288135
2,138,4.8,1.8,2,5.699999999999999,2.085365853658536,1.4620000000000002,0.2459999999999999,4.354237288135593,1.3915254237288135
2,139,5.4,2.1,0,5.699999999999999,2.085365853658536,1.4620000000000002,0.2459999999999999,4.354237288135593,1.3915254237288135
2,140,5.6,2.4,0,5.699999999999999,2.085365853658536,1.4620000000000002,0.2459999999999999,4.354237288135593,1.3915254237288135
2,141,5.1,2.3,0,5.699999999999999,2.085365853658536,1.4620000000000002,0.2459999999999999,4.354237288135593,1.3915254237288135
2,142,5.1,1.9,0,5.699999999999999,2.085365853658536,1.4620000000000002,0.2459999999999999,4.354237288135593,1.3915254237288135
2,143,5.9,2.3,0,5.699999999999999,2.085365853658536,1.4620000000000002,0.2459999999999999,4.354237288135593,1.3915254237288135
2,144,5.7,2.5,0,5.699999999999999,2.085365853658536,1.4620000000000002,0.2459999999999999,4.354237288135593,1.3915254237288135
2,145,5.2,2.3,0,5.699999999999999,2.085365853658536,1.4620000000000002,0.2459999999999999,4.354237288135593,1.3915254237288135
2,146,5.0,1.9,0,5.699999999999999,2.085365853658536,1.4620000000000002,0.2459999999999999,4.354237288135593,1.3915254237288135
2,147,5.2,2.0,0,5.699999999999999,2.085365853658536,1.4620000000000002,0.2459999999999999,4.354237288135593,1.3915254237288135
2,148,5.4,2.3,0,5.699999999999999,2.085365853658536,1.4620000000000002,0.2459999999999999,4.354237288135593,1.3915254237288135
2,149,5.1,1.8,0,5.699999999999999,2.085365853658536,1.4620000000000002,0.2459999999999999,4.354237288135593,1.3915254237288135
3,0,1.4,0.2,1,5.6522727272727264,2.068181818181818,1.4620000000000002,0.2459999999999999,4.319642857142857,1.3678571428571427
3,1,1.4,0.2,1,5.6522727272727264,2.068181818181818,1.4620000000000002,0.2459999999999999,4.319642857142857,1.3678571428571427
3,2,1.3,0.2,1,5.6522727272727264,2.068181818181818,1.4620000000000002,0.2459999999999999,4.319642857142857,1.3678571428571427
3,3,1.5,0.2,1,5.6522727272727264,2.068181818181818,1.4620000000000002,0.2459999999999999,4.319642857142857,1.3678571428571427
3,4,1.4,0.2,1,5.6522727272727264,2.068181818181818,1.4620000000000002,0.2459999999999999,4.319642857142857,1.3678571428571427
3,5,1.7,0.4,1,5.6522727272727264,2.068181818181818,1.4620000000000002,0.2459999999999999,4.319642857142857,1.3678571428571427
3,6,1.4,0.3,1,5.6522727272727264,2.068181818181818,1.4620000000000002,0.2459999999999999,4.319642857142857,1.3678571428571427
3,7,1.5,0.2,1,5.6522727272727264,2.068181818181818,1.4620000000000002,0.2459999999999999,4.319642857142857,1.3678571428571427
3,8,1.4,0.2,1,5.6522727272727264,2.068181818181818,1.4620000000000002,0.2459999999999999,4.319642857142857,1.3678571428571427
3,9,1.5,0.1,1,5.6522727272727264,2.068181818181818,1.4620000000000002,0.2459999999999999,4.319642857142857,1.3678571428571427
3,10,1.5,0.2,1,5.6522727272727264,2.068181818181818,1.4620000000000002,0.2459999999999999,4.319642857142857,1.3678571428571427
3,11,1.6,0.2,1,5.6522727272727264,2.068181818181818,1.4620000000000002,0.2459999999999999,4.319642857142857,1.3678571428571427
3,12,1.4,0.1,1,5.6522727272727264,2.068181818181818,1.4620000000000002,0.2459999999999999,4.319642857142857,1.3678571428571427
3,13,1.1,0.1,1,5.6522727272727264,2.068181818181818,1.4620000000000002,0.2459999999999999,4.319642857142857,1.3678571428571427
3,14,1.2,0.2,1,5.6522727272727264,2.068181818181818,1.4620000000000002,0.2459999999999999,4.319642857142857,1.3678571428571427
3,15,1.5,0.4,1,5.6522727272727264,2.068181818181818,1.4620000000000002,0.2459999999999999,4.319642857142857,1.3678571428571427
3,16,1.3,0.4,1,5.6522727272727264,2.068181818181818,1.4620000000000002,0.2459999999999999,4.319642857142857,1.3678571428571427
3,17,1.4,0.3,1,5.6522727272727264,2.068181818181818,1.4620000000000002,0.2459999999999999,4.319642857142857,1.3678571428571427
3,18,1.7,0.3,1,5.6522727272727264,2.068181818181818,1.4620000000000002,0.2459999999999999,4.319642857142857,1.3678571428571427
3,19,1.5,0.3,1,5.6522727272727264,2.068181818181818,1.4620000000000002,0.2459999999999999,4.319642857142857,1.3678571428571427
3,20,1.7,0.2,1,5.6522727272727264,2.068181818181818,1.4620000000000002,0.2459999999999999,4.319642857142857,1.3678571428571427
3,21,1.5,0.4,1,5.6522727272727264,2.068181818181818,1.4620000000000002,0.2459999999999999,4.319642857142857,1.3678571428571427
3,22,1.0,0.2,1,5.6522727272727264,2.068181818181818,1.4620000000000002,0.2459999999999999,4.319642857142857,1.3678571428571427
3,23,1.7,0.5,1,5.6522727272727264,2.068181818181818,1.4620000000000002,0.2459999999999999,4.319642857142857,1.3678571428571427
3,24,1.9,0.2,1,5.6522727272727264,2.068181818181818,1.4620000000000002,0.2459999999999999,4.319642857142857,1.3678571428571427
3,25,1.6,0.2,1,5.6522727272727264,2.068181818181818,1.4620000000000002,0.2459999999999999,4.319642857142857,1.3678571428571427
3,26,1.6,0.4,1,5.6522727272727264,2.068181818181818,1.4620000000000002,0.2459999999999999,4.319642857142857,1.3678571428571427
3,27,1.5,0.2,1,5.6522727272727264,2.068181818181818,1.4620000000000002,0.2459999999999999,4.319642857142857,1.3678571428571427
3,28,1.4,0.2,1,5.6522727272727264,2.068181818181818,1.4620000000000002,0.2459999999999999,4.319642857142857,1.3678571428571427
3,29,1.6,0.2,1,5.6522727272727264,2.068181818181818,1.4620000000000002,0.2459999999999999,4.319642857142857,1.3678571428571427
3,30,1.6,0.2,1,5.6522727272727264,2.068181818181818,1.4620000000000002,0.2459999999999999,4.319642857142857,1.3678571428571427
3,31,1.5,0.4,1,5.6522727272727264,2.068181818181818,1.4620000000000002,0.2459999999999999,4.319642857142857,1.3678571428571427
3,32,1.5,0.1,1,5.6522727272727264,2.068181818181818,1.4620000000000002,0.2459999999999999,4.319642857142857,1.3678571428571427
3,33,1.4,0.2,1,5.6522727272727264,2.068181818181818,1.4620000000000002,0.2459999999999999,4.319642857142857,1.3678571428571427
3,34,1.5,0.2,1,5.6522727272727264,2.068181818181818,1.4620000000000002,0.2459999999999999,4.319642857142857,1.3678571428571427
3,35,1.2,0.2,1,5.6522727272727264,2.068181818181818,1.4620000000000002,0.2459999999999999,4.319642857142857,1.3678571428571427
3,36,1.3,0.2,1,5.6522727272727264,2.068181818181818,1.4620000000000002,0.2459999999999999,4.319642857142857,1.3678571428571427
3,37,1.4,0.1,1,5.6522727272727264,2.068181818181818,1.4620000000000002,0.2459999999999999,4.319642857142857,1.3678571428571427
3,38,1.3,0.2,1,5.6522727272727264,2.068181818181818,1.4620000000000002,0.2459999999999999,4.319642857142857,1.3678571428571427
3,39,1.5,0.2,1,5.6522727272727264,2.068181818181818,1.4620000000000002,0.2459999999999999,4.319642857142857,1.3678571428571427
3,40,1.3,0.3,1,5.6522727272727264,2.068181818181818,1.4620000000000002,0.2459999999999999,4.319642857142857,1.3678571428571427
3,41,1.3,0.3,1,5.6522727272727264,2.068181818181818,1.4620000000000002,0.2459999999999999,4.319642857142857,1.3678571428571427
3,42,1.3,0.2,1,5.6522727272727264,2.068181818181818,1.4620000000000002,0.2459999999999999,4.319642857142857,1.3678571428571427
3,43,1.6,0.6,1,5.6522727272727264,2.068181818181818,1.4620000000000002,0.2459999999999999,4.319642857142857,1.3678571428571427
3,44,1.9,0.4,1,5.6522727272727264,2.068181818181818,1.4620000000000002,0.2459999999999999,4.319642857142857,1.3678571428571427
3,45,1.4,0.3,1,5.6522727272727264,2.068181818181818,1.4620000000000002,0.2459999999999999,4.319642857142857,1.3678571428571427
3,46,1.6,0.2,1,5.6522727272727264,2.068181818181818,1.4620000000000002,0.2459999999999999,4.319642857142857,1.3678571428571427
3,47,1.4,0.2,1,5.6522727272727264,2.068181818181818,1.4620000000000002,0.2459999999999999,4.319642857142857,1.3678571428571427
3,48,1.5,0.2,1,5.6522727272727264,2.068181818181818,1.4620000000000002,0.2459999999999999,4.319642857142857,1.3678571428571427
3,49,1.4,0.2,1,5.6522727272727264,2.068181818181818,1.4620000000000002,0.2459999999999999,4.319642857142857,1.3678571428571427
3,50,4.7,1.4,2,5.6522727272727264,2.068181818181818,1.4620000000000002,0.2459999999999999,4.319642857142857,1.3678571428571427
3,51,4.5,1.5,2,5.6522727272727264,2.068181818181818,1.4620000000000002,0.2459999999999999,4.319642857142857,1.3678571428571427
3,52,4.9,1.5,2,5.6522727272727264,2.068181818181818,1.4620000000000002,0.2459999999999999,4.319642857142857,1.3678571428571427
3,53,4.0,1.3,2,5.6522727272727264,2.068181818181818,1.4620000000000002,0.2459999999999999,4.319642857142857,1.3678571428571427
3,54,4.6,1.5,2,5.6522727272727264,2.068181818181818,1.4620000000000002,0.2459999999999999,4.319642857142857,1.3678571428571427
3,55,4.5,1.3,2,5.6522727272727264,2.068181818181818,1.4620000000000002,0.2459999999999999,4.319642857142857,1.3678571428571427
3,56,4.7,1.6,2,5.6522727272727264,2.068181818181818,1.4620000000000002,0.2459999999999999,4.319642857142857,1.3678571428571427
3,57,3.3,1.0,2,5.6522727272727264,2.068181818181818,1.4620000000000002,0.2459999999999999,4.319642857142857,1.3678571428571427
3,58,4.6,1.3,2,5.6522727272727264,2.068181818181818,1.4620000000000002,0.2459999999999999,4.319642857142857,1.3678571428571427
3,59,3.9,1.4,2,5.6522727272727264,2.068181818181818,1.4620000000000002,0.2459999999999999,4.319642857142857,1.3678571428571427
3,60,3.5,1.0,2,5.6522727272727264,2.068181818181818,1.4620000000000002,0.2459999999999999,4.319642857142857,1.3678571428571427
3,61,4.2,1.5,2,5.6522727272727264,2.068181818181818,1.4620000000000002,0.2459999999999999,4.319642857142857,1.3678571428571427
3,62,4.0,1.0,2,5.6522727272727264,2.068181818181818,1.4620000000000002,0.2459999999999999,4.319642857142857,1.3678571428571427
3,63,4.7,1.4,2,5.6522727272727264,2.068181818181818,1.4620000000000002,0.2459999999999999,4.319642857142857,1.3678571428571427
3,64,3.6,1.3,2,5.6522727272727264,2.068181818181818,1.4620000000000002,0.2459999999999999,4.319642857142857,1.3678571428571427
3,65,4.4,1.4,2,5.6522727272727264,2.068181818181818,1.4620000000000002,0.2459999999999999,4.319642857142857,1.3678571428571427
3,66,4.5,1.5,2,5.6522727272727264,2.068181818181818,1.4620000000000002,0.2459999999999999,4.319642857142857,1.3678571428571427
3,67,4.1,1.0,2,5.6522727272727264,2.068181818181818,1.4620000000000002,0.2459999999999999,4.319642857142857,1.3678571428571427
3,68,4.5,1.5,2,5.6522727272727264,2.068181818181818,1.4620000000000002,0.2459999999999999,4.319642857142857,1.3678571428571427
3,69,3.9,1.1,2,5.6522727272727264,2.068181818181818,1.4620000000000002,0.2459999999999999,4.319642857142857,1.3678571428571427
3,70,4.8,1.8,2,5.6522727272727264,2.068181818181818,1.4620000000000002,0.2459999999999999,4.319642857142857,1.3678571428571427
3,71,4.0,1.3,2,5.6522727272727264,2.068181818181818,1.4620000000000002,0.2459999999999999,4.319642857142857,1.3678571428571427
3,72,4.9,1.5,2,5.6522727272727264,2.068181818181818,1.4620000000000002,0.2459999999999999,4.319642857142857,1.3678571428571427
3,73,4.7,1.2,2,5.6522727272727264,2.068181818181818,1.4620000000000002,0.2459999999999999,4.319642857142857,1.3678571428571427
3,74,4.3,1.3,2,5.6522727272727264,2.068181818181818,1.4620000000000002,0.2459999999999999,4.319642857142857,1.3678571428571427
3,75,4.4,1.4,2,5.6522727272727264,2.068181818181818,1.4620000000000002,0.2459999999999999,4.319642857142857,1.3678571428571427
3,76,4.8,1.4,2,5.6522727272727264,2.068181818181818,1.4620000000000002,0.2459999999999999,4.319642857142857,1.3678571428571427
3,77,5.0,1.7,0,5.6522727272727264,2.068181818181818,1.4620000000000002,0.2459999999999999,4.319642857142857,1.3678571428571427
3,78,4.5,1.5,2,5.6522727272727264,2.068181818181818,1.4620000000000002,0.2459999999999999,4.319642857142857,1.3678571428571427
3,79,3.5,1.0,2,5.6522727272727264,2.068181818181818,1.4620000000000002,0.2459999999999999,4.319642857142857,1.3678571428571427
3,80,3.8,1.1,2,5.6522727272727264,2.068181818181818,1.4620000000000002,0.2459999999999999,4.319642857142857,1.3678571428571427
3,81,3.7,1.0,2,5.6522727272727264,2.068181818181818,1.4620000000000002,0.2459999999999999,4.319642857142857,1.3678571428571427
3,82,3.9,1.2,2,5.6522727272727264,2.068181818181818,1.4620000000000002,0.2459999999999999,4.319642857142857,1.3678571428571427
3,83,5.1,1.6,0,5.6522727272727264,2.068181818181818,1.4620000000000002,0.2459999999999999,4.319642857142857,1.3678571428571427
3,84,4.5,1.5,2,5.6522727272727264,2.068181818181818,1.4620000000000002,0.2459999999999999,4.319642857142857,1.3678571428571427
3,85,4.5,1.6,2,5.6522727272727264,2.068181818181818,1.4620000000000002,0.2459999999999999,4.319642857142857,1.3678571428571427
3,86,4.7,1.5,2,5.6522727272727264,2.068181818181818,1.4620000000000002,0.2459999999999999,4.319642857142857,1.3678571428571427
3,87,4.4,1.3,2,5.6522727272727264,2.068181818181818,1.4620000000000002,0.2459999999999999,4.319642857142857,1.3678571428571427
3,88,4.1,1.3,2,5.6522727272727264,2.068181818181818,1.4620000000000002,0.2459999999999999,4.319642857142857,1.3678571428571427
3,89,4.0,1.3,2,5.6522727272727264,2.068181818181818,1.4620000000000002,0.2459999999999999,4.319642857142857,1.3678571428571427
3,90,4.4,1.2,2,5.6522727272727264,2.068181818181818,1.4620000000000002,0.2459999999999999,4.319642857142857,1.3678571428571427
3,91,4.6,1.4,2,5.6522727272727264,2.068181818181818,1.4620000000000002,0.2459999999999999,4.319642857142857,1.3678571428571427
3,92,4.0,1.2,2,5.6522727272727264,2.068181818181818,1.4620000000000002,0.2459999999999999,4.319642857142857,1.3678571428571427
3,93,3.3,1.0,2,5.6522727272727264,2.068181818181818,1.4620000000000002,0.2459999999999999,4.319642857142857,1.3678571428571427
3,94,4.2,1.3,2,5.6522727272727264,2.068181818181818,1.4620000000000002,0.2459999999999999,4.319642857142857,1.3678571428571427
3,95,4.2,1.2,2,5.6522727272727264,2.068181818181818,1.4620000000000002,0.2459999999999999,4.319642857142857,1.3678571428571427
3,96,4.2,1.3,2,5.6522727272727264,2.068181818181818,1.4620000000000002,0.2459999999999999,4.319642857142857,1.3678571428571427
3,97,4.3,1.3,2,5.6522727272727264,2.068181818181818,1.4620000000000002,0.2459999999999999,4.319642857142857,1.3678571428571427
3,98,3.0,1.1,2,5.6522727272727264,2.068181818181818,1.4620000000000002,0.2459999999999999,4.319642857142857,1.3678571428571427
3,99,4.1,1.3,2,5.6522727272727264,2.068181818181818,1.4620000000000002,0.2459999999999999,4.319642857142857,1.3678571428571427
3,100,6.0,2.5,0,5.6522727272727264,2.068181818181818,1.4620000000000002,0.2459999999999999,4.319642857142857,1.3678571428571427
3,101,5.1,1.9,0,5.6522727272727264,2.068181818181818,1.4620000000000002,0.2459999999999999,4.319642857142857,1.3678571428571427
3,102,5.9,2.1,0,5.6522727272727264,2.068181818181818,1.4620000000000002,0.2459999999999999,4.319642857142857,1.3678571428571427
3,103,5.6,1.8,0,5.6522727272727264,2.068181818181818,1.4620000000000002,0.2459999999999999,4.319642857142857,1.3678571428571427
3,104,5.8,2.2,0,5.6522727272727264,2.068181818181818,1.4620000000000002,0.2459999999999999,4.319642857142857,1.3678571428571427
3,105,6.6,2.1,0,5.6522727272727264,2.068181818181818,1.4620000000000002,0.2459999999999999,4.319642857142857,1.3678571428571427
3,106,4.5,1.7,2,5.6522727272727264,2.068181818181818,1.4620000000000002,0.2459999999999999,4.319642857142857,1.3678571428571427
3,107,6.3,1.8,0,5.6522727272727264,2.068181818181818,1.4620000000000002,0.2459999999999999,4.319642857142857,1.3678571428571427
3,108,5.8,1.8,0,5.6522727272727264,2.068181818181818,1.4620000000000002,0.2459999999999999,4.319642857142857,1.3678571428571427
3,109,6.1,2.5,0,5.6522727272727264,2.068181818181818,1.4620000000000002,0.2459999999999999,4.319642857142857,1.3678571428571427
3,110,5.1,2.0,0,5.6522727272727264,2.068181818181818,1.4620000000000002,0.2459999999999999,4.319642857142857,1.3678571428571427
3,111,5.3,1.9,0,5.6522727272727264,2.068181818181818,1.4620000000000002,0.2459999999999999,4.319642857142857,1.3678571428571427
3,112,5.5,2.1,0,5.6522727272727264,2.068181818181818,1.4620000000000002,0.2459999999999999,4.319642857142857,1.3678571428571427
3,113,5.0,2.0,0,5.6522727272727264,2.068181818181818,1.4620000000000002,0.2459999999999999,4.319642857142857,1.3678571428571427
3,114,5.1,2.4,0,5.6522727272727264,2.068181818181818,1.4620000000000002,0.2459999999999999,4.319642857142857,1.3678571428571427
3,115,5.3,2.3,0,5.6522727272727264,2.068181818181818,1.4620000000000002,0.2459999999999999,4.319642857142857,1.3678571428571427
3,116,5.5,1.8,0,5.6522727272727264,2.068181818181818,1.4620000000000002,0.2459999999999999,4.319642857142857,1.3678571428571427
3,117,6.7,2.2,0,5.6522727272727264,2.068181818181818,1.4620000000000002,0.2459999999999999,4.319642857142857,1.3678571428571427
3,118,6.9,2.3,0,5.6522727272727264,2.068181818181818,1.4620000000000002,0.2459999999999999,4.319642857142857,1.3678571428571427
3,119,5.0,1.5,2,5.6522727272727264,2.068181818181818,1.4620000000000002,0.2459999999999999,4.319642857142857,1.3678571428571427
3,120,5.7,2.3,0,5.6522727272727264,2.068181818181818,1.4620000000000002,0.2459999999999999,4.319642857142857,1.3678571428571427
3,121,4.9,2.0,0,5.6522727272727264,2.068181818181818,1.4620000000000002,0.2459999999999999,4.319642857142857,1.3678571428571427
3,122,6.7,2.0,0,5.6522727272727264,2.068181818181818,1.4620000000000002,0.2459999999999999,4.319642857142857,1.3678571428571427
3,123,4.9,1.8,2,5.6522727272727264,2.068181818181818,1.4620000000000002,0.2459999999999999,4.319642857142857,1.3678571428571427
3,124,5.7,2.1,0,5.6522727272727264,2.068181818181818,1.4620000000000002,0.2459999999999999,4.319642857142857,1.3678571428571427
3,125,6.0,1.8,0,5.6522727272727264,2.068181818181818,1.4620000000000002,0.2459999999999999,4.319642857142857,1.3678571428571427
3,126,4.8,1.8,2,5.6522727272727264,2.068181818181818,1.4620000000000002,0.2459999999999999,4.319642857142857,1.3678571428571427
3,127,4.9,1.8,2,5.6522727272727264,2.068181818181818,1.4620000000000002,0.2459999999999999,4.319642857142857,1.3678571428571427
3,128,5.6,2.1,0,5.6522727272727264,2.068181818181818,1.4620000000000002,0.2459999999999999,4.319642857142857,1.3678571428571427
3,129,5.8,1.6,0,5.6522727272727264,2.068181818181818,1.4620000000000002,0.2459999999999999,4.319642857142857,1.3678571428571427
3,130,6.1,1.9,0,5.6522727272727264,2.068181818181818,1.4620000000000002,0.2459999999999999,4.319642857142857,1.3678571428571427
3,131,6.4,2.0,0,5.6522727272727264,2.068181818181818,1.4620000000000002,0.2459999999999999,4.319642857142857,1.3678571428571427
3,132,5.6,2.2,0,5.6522727272727264,2.068181818181818,1.4620000000000002,0.2459999999999999,4.319642857142857,1.3678571428571427
3,133,5.1,1.5,2,5.6522727272727264,2.068181818181818,1.4620000000000002,0.2459999999999999,4.319642857142857,1.3678571428571427
3,134,5.6,1.4,0,5.6522727272727264,2.068181818181818,1.4620000000000002,0.2459999999999999,4.319642857142857,1.3678571428571427
3,135,6.1,2.3,0,5.6522727272727264,2.068181818181818,1.4620000000000002,0.2459999999999999,4.319642857142857,1.3678571428571427
3,136,5.6,2.4,0,5.6522727272727264,2.068181818181818,1.4620000000000002,0.2459999999999999,4.319642857142857,1.3678571428571427
3,137,5.5,1.8,0,5.6522727272727264,2.068181818181818,1.4620000000000002,0.2459999999999999,4.319642857142857,1.3678571428571427
3,138,4.8,1.8,2,5.6522727272727264,2.068181818181818,1.4620000000000002,0.2459999999999999,4.319642857142857,1.3678571428571427
3,139,5.4,2.1,0,5.6522727272727264,2.068181818181818,1.4620000000000002,0.2459999999999999,4.319642857142857,1.3678571428571427
3,140,5.6,2.4,0,5.6522727272727264,2.068181818181818,1.4620000000000002,0.2459999999999999,4.319642857142857,1.3678571428571427
3,141,5.1,2.3,0,5.6522727272727264,2.068181818181818,1.4620000000000002,0.2459999999999999,4.319642857142857,1.3678571428571427
3,142,5.1,1.9,0,5.6522727272727264,2.068181818181818,1.4620000000000002,0.2459999999999999,4.319642857142857,1.3678571428571427
3,143,5.9,2.3,0,5.6522727272727264,2.068181818181818,1.4620000000000002,0.2459999999999999,4.319642857142857,1.3678571428571427
3,144,5.7,2.5,0,5.6522727272727264,2.068181818181818,1.4620000000000002,0.2459999999999999,4.319642857142857,1.3678571428571427
3,145,5.2,2.3,0,5.6522727272727264,2.068181818181818,1.4620000000000002,0.2459999999999999,4.319642857142857,1.3678571428571427
3,146,5.0,1.9,0,5.6522727272727264,2.068181818181818,1.4620000000000002,0.2459999999999999,4.319642857142857,1.3678571428571427
3,147,5.2,2.0,0,5.6522727272727264,2.068181818181818,1.4620000000000002,0.2459999999999999,4.319642857142857,1.3678571428571427
3,148,5.4,2.3,0,5.6522727272727264,2.068181818181818,1.4620000000000002,0.2459999999999999,4.319642857142857,1.3678571428571427
3,149,5.1,1.8,0,5.6522727272727264,2.068181818181818,1.4620000000000002,0.2459999999999999,4.319642857142857,1.3678571428571427
4,0,1.4,0.2,1,5.637777777777776,2.0599999999999996,1.4620000000000002,0.2459999999999999,4.307272727272728,1.3618181818181814
4,1,1.4,0.2,1,5.637777777777776,2.0599999999999996,1.4620000000000002,0.2459999999999999,4.307272727272728,1.3618181818181814
4,2,1.3,0.2,1,5.637777777777776,2.0599999999999996,1.4620000000000002,0.2459999999999999,4.307272727272728,1.3618181818181814
4,3,1.5,0.2,1,5.637777777777776,2.0599999999999996,1.4620000000000002,0.2459999999999999,4.307272727272728,1.3618181818181814
4,4,1.4,0.2,1,5.637777777777776,2.0599999999999996,1.4620000000000002,0.2459999999999999,4.307272727272728,1.3618181818181814
4,5,1.7,0.4,1,5.637777777777776,2.0599999999999996,1.4620000000000002,0.2459999999999999,4.307272727272728,1.3618181818181814
4,6,1.4,0.3,1,5.637777777777776,2.0599999999999996,1.4620000000000002,0.2459999999999999,4.307272727272728,1.3618181818181814
4,7,1.5,0.2,1,5.637777777777776,2.0599999999999996,1.4620000000000002,0.2459999999999999,4.307272727272728,1.3618181818181814
4,8,1.4,0.2,1,5.637777777777776,2.0599999999999996,1.4620000000000002,0.2459999999999999,4.307272727272728,1.3618181818181814
4,9,1.5,0.1,1,5.637777777777776,2.0599999999999996,1.4620000000000002,0.2459999999999999,4.307272727272728,1.3618181818181814
4,10,1.5,0.2,1,5.637777777777776,2.0599999999999996,1.4620000000000002,0.2459999999999999,4.307272727272728,1.3618181818181814
4,11,1.6,0.2,1,5.637777777777776,2.0599999999999996,1.4620000000000002,0.2459999999999999,4.307272727272728,1.3618181818181814
4,12,1.4,0.1,1,5.637777777777776,2.0599999999999996,1.4620000000000002,0.2459999999999999,4.307272727272728,1.3618181818181814
4,13,1.1,0.1,1,5.637777777777776,2.0599999999999996,1.4620000000000002,0.2459999999999999,4.307272727272728,1.3618181818181814
4,14,1.2,0.2,1,5.637777777777776,2.0599999999999996,1.4620000000000002,0.2459999999999999,4.307272727272728,1.3618181818181814
4,15,1.5,0.4,1,5.637777777777776,2.0599999999999996,1.4620000000000002,0.2459999999999999,4.307272727272728,1.3618181818181814
4,16,1.3,0.4,1,5.637777777777776,2.0599999999999996,1.4620000000000002,0.2459999999999999,4.307272727272728,1.3618181818181814
4,17,1.4,0.3,1,5.637777777777776,2.0599999999999996,1.4620000000000002,0.2459999999999999,4.307272727272728,1.3618181818181814
4,18,1.7,0.3,1,5.637777777777776,2.0599999999999996,1.4620000000000002,0.2459999999999999,4.307272727272728,1.3618181818181814
4,19,1.5,0.3,1,5.637777777777776,2.0599999999999996,1.4620000000000002,0.2459999999999999,4.307272727272728,1.3618181818181814
4,20,1.7,0.2,1,5.637777777777776,2.0599999999999996,1.4620000000000002,0.2459999999999999,4.307272727272728,1.3618181818181814
4,21,1.5,0.4,1,5.637777777777776,2.0599999999999996,1.4620000000000002,0.2459999999999999,4.307272727272728,1.3618181818181814
4,22,1.0,0.2,1,5.637777777777776,2.0599999999999996,1.4620000000000002,0.2459999999999999,4.307272727272728,1.3618181818181814
4,23,1.7,0.5,1,5.637777777777776,2.0599999999999996,1.4620000000000002,0.2459999999999999,4.307272727272728,1.3618181818181814
4,24,1.9,0.2,1,5.637777777777776,2.0599999999999996,1.4620000000000002,0.2459999999999999,4.307272727272728,1.3618181818181814
4,25,1.6,0.2,1,5.637777777777776,2.0599999999999996,1.4620000000000002,0.2459999999999999,4.307272727272728,1.3618181818181814
4,26,1.6,0.4,1,5.637777777777776,2.0599999999999996,1.4620000000000002,0.2459999999999999,4.307272727272728,1.3618181818181814
4,27,1.5,0.2,1,5.637777777777776,2.0599999999999996,1.4620000000000002,0.2459999999999999,4.307272727272728,1.3618181818181814
4,28,1.4,0.2,1,5.637777777777776,2.0599999999999996,1.4620000000000002,0.2459999999999999,4.307272727272728,1.3618181818181814
4,29,1.6,0.2,1,5.637777777777776,2.0599999999999996,1.4620000000000002,0.2459999999999999,4.307272727272728,1.3618181818181814
4,30,1.6,0.2,1,5.637777777777776,2.0599999999999996,1.4620000000000002,0.2459999999999999,4.307272727272728,1.3618181818181814
4,31,1.5,0.4,1,5.637777777777776,2.0599999999999996,1.4620000000000002,0.2459999999999999,4.307272727272728,1.3618181818181814
4,32,1.5,0.1,1,5.637777777777776,2.0599999999999996,1.4620000000000002,0.2459999999999999,4.307272727272728,1.3618181818181814
4,33,1.4,0.2,1,5.637777777777776,2.0599999999999996,1.4620000000000002,0.2459999999999999,4.307272727272728,1.3618181818181814
4,34,1.5,0.2,1,5.637777777777776,2.0599999999999996,1.4620000000000002,0.2459999999999999,4.307272727272728,1.3618181818181814
4,35,1.2,0.2,1,5.637777777777776,2.0599999999999996,1.4620000000000002,0.2459999999999999,4.307272727272728,1.3618181818181814
4,36,1.3,0.2,1,5.637777777777776,2.0599999999999996,1.4620000000000002,0.2459999999999999,4.307272727272728,1.3618181818181814
4,37,1.4,0.1,1,5.637777777777776,2.0599999999999996,1.4620000000000002,0.2459999999999999,4.307272727272728,1.3618181818181814
4,38,1.3,0.2,1,5.637777777777776,2.0599999999999996,1.4620000000000002,0.2459999999999999,4.307272727272728,1.3618181818181814
4,39,1.5,0.2,1,5.637777777777776,2.0599999999999996,1.4620000000000002,0.2459999999999999,4.307272727272728,1.3618181818181814
4,40,1.3,0.3,1,5.637777777777776,2.0599999999999996,1.4620000000000002,0.2459999999999999,4.307272727272728,1.3618181818181814
4,41,1.3,0.3,1,5.637777777777776,2.0599999999999996,1.4620000000000002,0.2459999999999999,4.307272727272728,1.3618181818181814
4,42,1.3,0.2,1,5.637777777777776,2.0599999999999996,1.4620000000000002,0.2459999999999999,4.307272727272728,1.3618181818181814
4,43,1.6,0.6,1,5.637777777777776,2.0599999999999996,1.4620000000000002,0.2459999999999999,4.307272727272728,1.3618181818181814
4,44,1.9,0.4,1,5.637777777777776,2.0599999999999996,1.4620000000000002,0.2459999999999999,4.307272727272728,1.3618181818181814
4,45,1.4,0.3,1,5.637777777777776,2.0599999999999996,1.4620000000000002,0.2459999999999999,4.307272727272728,1.3618181818181814
4,46,1.6,0.2,1,5.637777777777776,2.0599999999999996,1.4620000000000002,0.2459999999999999,4.307272727272728,1.3618181818181814
4,47,1.4,0.2,1,5.637777777777776,2.0599999999999996,1.4620000000000002,0.2459999999999999,4.307272727272728,1.3618181818181814
4,48,1.5,0.2,1,5.637777777777776,2.0599999999999996,1.4620000000000002,0.2459999999999999,4.307272727272728,1.3618181818181814
4,49,1.4,0.2,1,5.637777777777776,2.0599999999999996,1.4620000000000002,0.2459999999999999,4.307272727272728,1.3618181818181814
4,50,4.7,1.4,2,5.637777777777776,2.0599999999999996,1.4620000000000002,0.2459999999999999,4.307272727272728,1.3618181818181814
4,51,4.5,1.5,2,5.637777777777776,2.0599999999999996,1.4620000000000002,0.2459999999999999,4.307272727272728,1.3618181818181814
4,52,4.9,1.5,2,5.637777777777776,2.0599999999999996,1.4620000000000002,0.2459999999999999,4.307272727272728,1.3618181818181814
4,53,4.0,1.3,2,5.637777777777776,2.0599999999999996,1.4620000000000002,0.2459999999999999,4.307272727272728,1.3618181818181814
4,54,4.6,1.5,2,5.637777777777776,2.0599999999999996,1.4620000000000002,0.2459999999999999,4.307272727272728,1.3618181818181814
4,55,4.5,1.3,2,5.637777777777776,2.0599999999999996,1.4620000000000002,0.2459999999999999,4.307272727272728,1.3618181818181814
4,56,4.7,1.6,2,5.637777777777776,2.0599999999999996,1.4620000000000002,0.2459999999999999,4.307272727272728,1.3618181818181814
4,57,3.3,1.0,2,5.637777777777776,2.0599999999999996,1.4620000000000002,0.2459999999999999,4.307272727272728,1.3618181818181814
4,58,4.6,1.3,2,5.637777777777776,2.0599999999999996,1.4620000000000002,0.2459999999999999,4.307272727272728,1.3618181818181814
4,59,3.9,1.4,2,5.637777777777776,2.0599999999999996,1.4620000000000002,0.2459999999999999,4.307272727272728,1.3618181818181814
4,60,3.5,1.0,2,5.637777777777776,2.0599999999999996,1.4620000000000002,0.2459999999999999,4.307272727272728,1.3618181818181814
4,61,4.2,1.5,2,5.637777777777776,2.0599999999999996,1.4620000000000002,0.2459999999999999,4.307272727272728,1.3618181818181814
4,62,4.0,1.0,2,5.637777777777776,2.0599999999999996,1.4620000000000002,0.2459999999999999,4.307272727272728,1.3618181818181814
4,63,4.7,1.4,2,5.637777777777776,2.0599999999999996,1.4620000000000002,0.2459999999999999,4.307272727272728,1.3618181818181814
4,64,3.6,1.3,2,5.637777777777776,2.0599999999999996,1.4620000000000002,0.2459999999999999,4.307272727272728,1.3618181818181814
4,65,4.4,1.4,2,5.637777777777776,2.0599999999999996,1.4620000000000002,0.2459999999999999,4.307272727272728,1.3618181818181814
4,66,4.5,1.5,2,5.637777777777776,2.0599999999999996,1.4620000000000002,0.2459999999999999,4.307272727272728,1.3618181818181814
4,67,4.1,1.0,2,5.637777777777776,2.0599999999999996,1.4620000000000002,0.2459999999999999,4.307272727272728,1.3618181818181814
4,68,4.5,1.5,2,5.637777777777776,2.0599999999999996,1.4620000000000002,0.2459999999999999,4.307272727272728,1.3618181818181814
4,69,3.9,1.1,2,5.637777777777776,2.0599999999999996,1.4620000000000002,0.2459999999999999,4.307272727272728,1.3618181818181814
4,70,4.8,1.8,2,5.637777777777776,2.0599999999999996,1.4620000000000002,0.2459999999999999,4.307272727272728,1.3618181818181814
4,71,4.0,1.3,2,5.637777777777776,2.0599999999999996,1.4620000000000002,0.2459999999999999,4.307272727272728,1.3618181818181814
4,72,4.9,1.5,2,5.637777777777776,2.0599999999999996,1.4620000000000002,0.2459999999999999,4.307272727272728,1.3618181818181814
4,73,4.7,1.2,2,5.637777777777776,2.0599999999999996,1.4620000000000002,0.2459999999999999,4.307272727272728,1.3618181818181814
4,74,4.3,1.3,2,5.637777777777776,2.0599999999999996,1.4620000000000002,0.2459999999999999,4.307272727272728,1.3618181818181814
4,75,4.4,1.4,2,5.637777777777776,2.0599999999999996,1.4620000000000002,0.2459999999999999,4.307272727272728,1.3618181818181814
4,76,4.8,1.4,2,5.637777777777776,2.0599999999999996,1.4620000000000002,0.2459999999999999,4.307272727272728,1.3618181818181814
4,77,5.0,1.7,0,5.637777777777776,2.0599999999999996,1.4620000000000002,0.2459999999999999,4.307272727272728,1.3618181818181814
4,78,4.5,1.5,2,5.637777777777776,2.0599999999999996,1.4620000000000002,0.2459999999999999,4.307272727272728,1.3618181818181814
4,79,3.5,1.0,2,5.637777777777776,2.0599999999999996,1.4620000000000002,0.2459999999999999,4.307272727272728,1.3618181818181814
4,80,3.8,1.1,2,5.637777777777776,2.0599999999999996,1.4620000000000002,0.2459999999999999,4.307272727272728,1.3618181818181814
4,81,3.7,1.0,2,5.637777777777776,2.0599999999999996,1.4620000000000002,0.2459999999999999,4.307272727272728,1.3618181818181814
4,82,3.9,1.2,2,5.637777777777776,2.0599999999999996,1.4620000000000002,0.2459999999999999,4.307272727272728,1.3618181818181814
4,83,5.1,1.6,0,5.637777777777776,2.0599999999999996,1.4620000000000002,0.2459999999999999,4.307272727272728,1.3618181818181814
4,84,4.5,1.5,2,5.637777777777776,2.0599999999999996,1.4620000000000002,0.2459999999999999,4.307272727272728,1.3618181818181814
4,85,4.5,1.6,2,5.637777777777776,2.0599999999999996,1.4620000000000002,0.2459999999999999,4.307272727272728,1.3618181818181814
4,86,4.7,1.5,2,5.637777777777776,2.0599999999999996,1.4620000000000002,0.2459999999999999,4.307272727272728,1.3618181818181814
4,87,4.4,1.3,2,5.637777777777776,2.0599999999999996,1.4620000000000002,0.2459999999999999,4.307272727272728,1.3618181818181814
4,88,4.1,1.3,2,5.637777777777776,2.0599999999999996,1.4620000000000002,0.2459999999999999,4.307272727272728,1.3618181818181814
4,89,4.0,1.3,2,5.637777777777776,2.0599999999999996,1.4620000000000002,0.2459999999999999,4.307272727272728,1.3618181818181814
4,90,4.4,1.2,2,5.637777777777776,2.0599999999999996,1.4620000000000002,0.2459999999999999,4.307272727272728,1.3618181818181814
4,91,4.6,1.4,2,5.637777777777776,2.0599999999999996,1.4620000000000002,0.2459999999999999,4.307272727272728,1.3618181818181814
4,92,4.0,1.2,2,5.637777777777776,2.0599999999999996,1.4620000000000002,0.2459999999999999,4.307272727272728,1.3618181818181814
4,93,3.3,1.0,2,5.637777777777776,2.0599999999999996,1.4620000000000002,0.2459999999999999,4.307272727272728,1.3618181818181814
4,94,4.2,1.3,2,5.637777777777776,2.0599999999999996,1.4620000000000002,0.2459999999999999,4.307272727272728,1.3618181818181814
4,95,4.2,1.2,2,5.637777777777776,2.0599999999999996,1.4620000000000002,0.2459999999999999,4.307272727272728,1.3618181818181814
4,96,4.2,1.3,2,5.637777777777776,2.0599999999999996,1.4620000000000002,0.2459999999999999,4.307272727272728,1.3618181818181814
4,97,4.3,1.3,2,5.637777777777776,2.0599999999999996,1.4620000000000002,0.2459999999999999,4.307272727272728,1.3618181818181814
4,98,3.0,1.1,2,5.637777777777776,2.0599999999999996,1.4620000000000002,0.2459999999999999,4.307272727272728,1.3618181818181814
4,99,4.1,1.3,2,5.637777777777776,2.0599999999999996,1.4620000000000002,0.2459999999999999,4.307272727272728,1.3618181818181814
4,100,6.0,2.5,0,5.637777777777776,2.0599999999999996,1.4620000000000002,0.2459999999999999,4.307272727272728,1.3618181818181814
4,101,5.1,1.9,0,5.637777777777776,2.0599999999999996,1.4620000000000002,0.2459999999999999,4.307272727272728,1.3618181818181814
4,102,5.9,2.1,0,5.637777777777776,2.0599999999999996,1.4620000000000002,0.2459999999999999,4.307272727272728,1.3618181818181814
4,103,5.6,1.8,0,5.637777777777776,2.0599999999999996,1.4620000000000002,0.2459999999999999,4.307272727272728,1.3618181818181814
4,104,5.8,2.2,0,5.637777777777776,2.0599999999999996,1.4620000000000002,0.2459999999999999,4.307272727272728,1.3618181818181814
4,105,6.6,2.1,0,5.637777777777776,2.0599999999999996,1.4620000000000002,0.2459999999999999,4.307272727272728,1.3618181818181814
4,106,4.5,1.7,2,5.637777777777776,2.0599999999999996,1.4620000000000002,0.2459999999999999,4.307272727272728,1.3618181818181814
4,107,6.3,1.8,0,5.637777777777776,2.0599999999999996,1.4620000000000002,0.2459999999999999,4.307272727272728,1.3618181818181814
4,108,5.8,1.8,0,5.637777777777776,2.0599999999999996,1.4620000000000002,0.2459999999999999,4.307272727272728,1.3618181818181814
4,109,6.1,2.5,0,5.637777777777776,2.0599999999999996,1.4620000000000002,0.2459999999999999,4.307272727272728,1.3618181818181814
4,110,5.1,2.0,0,5.637777777777776,2.0599999999999996,1.4620000000000002,0.2459999999999999,4.307272727272728,1.3618181818181814
4,111,5.3,1.9,0,5.637777777777776,2.0599999999999996,1.4620000000000002,0.2459999999999999,4.307272727272728,1.3618181818181814
4,112,5.5,2.1,0,5.637777777777776,2.0599999999999996,1.4620000000000002,0.2459999999999999,4.307272727272728,1.3618181818181814
4,113,5.0,2.0,0,5.637777777777776,2.0599999999999996,1.4620000000000002,0.2459999999999999,4.307272727272728,1.3618181818181814
4,114,5.1,2.4,0,5.637777777777776,2.0599999999999996,1.4620000000000002,0.2459999999999999,4.307272727272728,1.3618181818181814
4,115,5.3,2.3,0,5.637777777777776,2.0599999999999996,1.4620000000000002,0.2459999999999999,4.307272727272728,1.3618181818181814
4,116,5.5,1.8,0,5.637777777777776,2.0599999999999996,1.4620000000000002,0.2459999999999999,4.307272727272728,1.3618181818181814
4,117,6.7,2.2,0,5.637777777777776,2.0599999999999996,1.4620000000000002,0.2459999999999999,4.307272727272728,1.3618181818181814
4,118,6.9,2.3,0,5.637777777777776,2.0599999999999996,1.4620000000000002,0.2459999999999999,4.307272727272728,1.3618181818181814
4,119,5.0,1.5,2,5.637777777777776,2.0599999999999996,1.4620000000000002,0.2459999999999999,4.307272727272728,1.3618181818181814
4,120,5.7,2.3,0,5.637777777777776,2.0599999999999996,1.4620000000000002,0.2459999999999999,4.307272727272728,1.3618181818181814
4,121,4.9,2.0,0,5.637777777777776,2.0599999999999996,1.4620000000000002,0.2459999999999999,4.307272727272728,1.3618181818181814
4,122,6.7,2.0,0,5.637777777777776,2.0599999999999996,1.4620000000000002,0.2459999999999999,4.307272727272728,1.3618181818181814
4,123,4.9,1.8,2,5.637777777777776,2.0599999999999996,1.4620000000000002,0.2459999999999999,4.307272727272728,1.3618181818181814
4,124,5.7,2.1,0,5.637777777777776,2.0599999999999996,1.4620000000000002,0.2459999999999999,4.307272727272728,1.3618181818181814
4,125,6.0,1.8,0,5.637777777777776,2.0599999999999996,1.4620000000000002,0.2459999999999999,4.307272727272728,1.3618181818181814
4,126,4.8,1.8,2,5.637777777777776,2.0599999999999996,1.4620000000000002,0.2459999999999999,4.307272727272728,1.3618181818181814
4,127,4.9,1.8,2,5.637777777777776,2.0599999999999996,1.4620000000000002,0.2459999999999999,4.307272727272728,1.3618181818181814
4,128,5.6,2.1,0,5.637777777777776,2.0599999999999996,1.4620000000000002,0.2459999999999999,4.307272727272728,1.3618181818181814
4,129,5.8,1.6,0,5.637777777777776,2.0599999999999996,1.4620000000000002,0.2459999999999999,4.307272727272728,1.3618181818181814
4,130,6.1,1.9,0,5.637777777777776,2.0599999999999996,1.4620000000000002,0.2459999999999999,4.307272727272728,1.3618181818181814
4,131,6.4,2.0,0,5.637777777777776,2.0599999999999996,1.4620000000000002,0.2459999999999999,4.307272727272728,1.3618181818181814
4,132,5.6,2.2,0,5.637777777777776,2.0599999999999996,1.4620000000000002,0.2459999999999999,4.307272727272728,1.3618181818181814
4,133,5.1,1.5,0,5.637777777777776,2.0599999999999996,1.4620000000000002,0.2459999999999999,4.307272727272728,1.3618181818181814
4,134,5.6,1.4,0,5.637777777777776,2.0599999999999996,1.4620000000000002,0.2459999999999999,4.307272727272728,1.3618181818181814
4,135,6.1,2.3,0,5.637777777777776,2.0599999999999996,1.4620000000000002,0.2459999999999999,4.307272727272728,1.3618181818181814
4,136,5.6,2.4,0,5.637777777777776,2.0599999999999996,1.4620000000000002,0.2459999999999999,4.307272727272728,1.3618181818181814
4,137,5.5,1.8,0,5.637777777777776,2.0599999999999996,1.4620000000000002,0.2459999999999999,4.307272727272728,1.3618181818181814
4,138,4.8,1.8,2,5.637777777777776,2.0599999999999996,1.4620000000000002,0.2459999999999999,4.307272727272728,1.3618181818181814
4,139,5.4,2.1,0,5.637777777777776,2.0599999999999996,1.4620000000000002,0.2459999999999999,4.307272727272728,1.3618181818181814
4,140,5.6,2.4,0,5.637777777777776,2.0599999999999996,1.4620000000000002,0.2459999999999999,4.307272727272728,1.3618181818181814
4,141,5.1,2.3,0,5.637777777777776,2.0599999999999996,1.4620000000000002,0.2459999999999999,4.307272727272728,1.3618181818181814
4,142,5.1,1.9,0,5.637777777777776,2.0599999999999996,1.4620000000000002,0.2459999999999999,4.307272727272728,1.3618181818181814
4,143,5.9,2.3,0,5.637777777777776,2.0599999999999996,1.4620000000000002,0.2459999999999999,4.307272727272728,1.3618181818181814
4,144,5.7,2.5,0,5.637777777777776,2.0599999999999996,1.4620000000000002,0.2459999999999999,4.307272727272728,1.3618181818181814
4,145,5.2,2.3,0,5.637777777777776,2.0599999999999996,1.4620000000000002,0.2459999999999999,4.307272727272728,1.3618181818181814
4,146,5.0,1.9,0,5.637777777777776,2.0599999999999996,1.4620000000000002,0.2459999999999999,4.307272727272728,1.3618181818181814
4,147,5.2,2.0,0,5.637777777777776,2.0599999999999996,1.4620000000000002,0.2459999999999999,4.307272727272728,1.3618181818181814
4,148,5.4,2.3,0,5.637777777777776,2.0599999999999996,1.4620000000000002,0.2459999999999999,4.307272727272728,1.3618181818181814
4,149,5.1,1.8,0,5.637777777777776,2.0599999999999996,1.4620000000000002,0.2459999999999999,4.307272727272728,1.3618181818181814
5,0,1.4,0.2,1,5.626086956521738,2.0478260869565217,1.4620000000000002,0.2459999999999999,4.292592592592593,1.359259259259259
5,1,1.4,0.2,1,5.626086956521738,2.0478260869565217,1.4620000000000002,0.2459999999999999,4.292592592592593,1.359259259259259
5,2,1.3,0.2,1,5.626086956521738,2.0478260869565217,1.4620000000000002,0.2459999999999999,4.292592592592593,1.359259259259259
5,3,1.5,0.2,1,5.626086956521738,2.0478260869565217,1.4620000000000002,0.2459999999999999,4.292592592592593,1.359259259259259
5,4,1.4,0.2,1,5.626086956521738,2.0478260869565217,1.4620000000000002,0.2459999999999999,4.292592592592593,1.359259259259259
5,5,1.7,0.4,1,5.626086956521738,2.0478260869565217,1.4620000000000002,0.2459999999999999,4.292592592592593,1.359259259259259
5,6,1.4,0.3,1,5.626086956521738,2.0478260869565217,1.4620000000000002,0.2459999999999999,4.292592592592593,1.359259259259259
5,7,1.5,0.2,1,5.626086956521738,2.0478260869565217,1.4620000000000002,0.2459999999999999,4.292592592592593,1.359259259259259
5,8,1.4,0.2,1,5.626086956521738,2.0478260869565217,1.4620000000000002,0.2459999999999999,4.292592592592593,1.359259259259259
5,9,1.5,0.1,1,5.626086956521738,2.0478260869565217,1.4620000000000002,0.2459999999999999,4.292592592592593,1.359259259259259
5,10,1.5,0.2,1,5.626086956521738,2.0478260869565217,1.4620000000000002,0.2459999999999999,4.292592592592593,1.359259259259259
5,11,1.6,0.2,1,5.626086956521738,2.0478260869565217,1.4620000000000002,0.2459999999999999,4.292592592592593,1.359259259259259
5,12,1.4,0.1,1,5.626086956521738,2.0478260869565217,1.4620000000000002,0.2459999999999999,4.292592592592593,1.359259259259259
5,13,1.1,0.1,1,5.626086956521738,2.0478260869565217,1.4620000000000002,0.2459999999999999,4.292592592592593,1.359259259259259
5,14,1.2,0.2,1,5.626086956521738,2.0478260869565217,1.4620000000000002,0.2459999999999999,4.292592592592593,1.359259259259259
5,15,1.5,0.4,1,5.626086956521738,2.0478260869565217,1.4620000000000002,0.2459999999999999,4.292592592592593,1.359259259259259
5,16,1.3,0.4,1,5.626086956521738,2.0478260869565217,1.4620000000000002,0.2459999999999999,4.292592592592593,1.359259259259259
5,17,1.4,0.3,1,5.626086956521738,2.0478260869565217,1.4620000000000002,0.2459999999999999,4.292592592592593,1.359259259259259
5,18,1.7,0.3,1,5.626086956521738,2.0478260869565217,1.4620000000000002,0.2459999999999999,4.292592592592593,1.359259259259259
5,19,1.5,0.3,1,5.626086956521738,2.0478260869565217,1.4620000000000002,0.2459999999999999,4.292592592592593,1.359259259259259
5,20,1.7,0.2,1,5.626086956521738,2.0478260869565217,1.4620000000000002,0.2459999999999999,4.292592592592593,1.359259259259259
5,21,1.5,0.4,1,5.626086956521738,2.0478260869565217,1.4620000000000002,0.2459999999999999,4.292592592592593,1.359259259259259
5,22,1.0,0.2,1,5.626086956521738,2.0478260869565217,1.4620000000000002,0.2459999999999999,4.292592592592593,1.359259259259259
5,23,1.7,0.5,1,5.626086956521738,2.0478260869565217,1.4620000000000002,0.2459999999999999,4.292592592592593,1.359259259259259
5,24,1.9,0.2,1,5.626086956521738,2.0478260869565217,1.4620000000000002,0.2459999999999999,4.292592592592593,1.359259259259259
5,25,1.6,0.2,1,5.626086956521738,2.0478260869565217,1.4620000000000002,0.2459999999999999,4.292592592592593,1.359259259259259
5,26,1.6,0.4,1,5.626086956521738,2.0478260869565217,1.4620000000000002,0.2459999999999999,4.292592592592593,1.359259259259259
5,27,1.5,0.2,1,5.626086956521738,2.0478260869565217,1.4620000000000002,0.2459999999999999,4.292592592592593,1.359259259259259
5,28,1.4,0.2,1,5.626086956521738,2.0478260869565217,1.4620000000000002,0.2459999999999999,4.292592592592593,1.359259259259259
5,29,1.6,0.2,1,5.626086956521738,2.0478260869565217,1.4620000000000002,0.2459999999999999,4.292592592592593,1.359259259259259
5,30,1.6,0.2,1,5.626086956521738,2.0478260869565217,1.4620000000000002,0.2459999999999999,4.292592592592593,1.359259259259259
5,31,1.5,0.4,1,5.626086956521738,2.0478260869565217,1.4620000000000002,0.2459999999999999,4.292592592592593,1.359259259259259
5,32,1.5,0.1,1,5.626086956521738,2.0478260869565217,1.4620000000000002,0.2459999999999999,4.292592592592593,1.359259259259259
5,33,1.4,0.2,1,5.626086956521738,2.0478260869565217,1.4620000000000002,0.2459999999999999,4.292592592592593,1.359259259259259
5,34,1.5,0.2,1,5.626086956521738,2.0478260869565217,1.4620000000000002,0.2459999999999999,4.292592592592593,1.359259259259259
5,35,1.2,0.2,1,5.626086956521738,2.0478260869565217,1.4620000000000002,0.2459999999999999,4.292592592592593,1.359259259259259
5,36,1.3,0.2,1,5.626086956521738,2.0478260869565217,1.4620000000000002,0.2459999999999999,4.292592592592593,1.359259259259259
5,37,1.4,0.1,1,5.626086956521738,2.0478260869565217,1.4620000000000002,0.2459999999999999,4.292592592592593,1.359259259259259
5,38,1.3,0.2,1,5.626086956521738,2.0478260869565217,1.4620000000000002,0.2459999999999999,4.292592592592593,1.359259259259259
5,39,1.5,0.2,1,5.626086956521738,2.0478260869565217,1.4620000000000002,0.2459999999999999,4.292592592592593,1.359259259259259
5,40,1.3,0.3,1,5.626086956521738,2.0478260869565217,1.4620000000000002,0.2459999999999999,4.292592592592593,1.359259259259259
5,41,1.3,0.3,1,5.626086956521738,2.0478260869565217,1.4620000000000002,0.2459999999999999,4.292592592592593,1.359259259259259
5,42,1.3,0.2,1,5.626086956521738,2.0478260869565217,1.4620000000000002,0.2459999999999999,4.292592592592593,1.359259259259259
5,43,1.6,0.6,1,5.626086956521738,2.0478260869565217,1.4620000000000002,0.2459999999999999,4.292592592592593,1.359259259259259
5,44,1.9,0.4,1,5.626086956521738,2.0478260869565217,1.4620000000000002,0.2459999999999999,4.292592592592593,1.359259259259259
5,45,1.4,0.3,1,5.626086956521738,2.0478260869565217,1.4620000000000002,0.2459999999999999,4.292592592592593,1.359259259259259
5,46,1.6,0.2,1,5.626086956521738,2.0478260869565217,1.4620000000000002,0.2459999999999999,4.292592592592593,1.359259259259259
5,47,1.4,0.2,1,5.626086956521738,2.0478260869565217,1.4620000000000002,0.2459999999999999,4.292592592592593,1.359259259259259
5,48,1.5,0.2,1,5.626086956521738,2.0478260869565217,1.4620000000000002,0.2459999999999999,4.292592592592593,1.359259259259259
5,49,1.4,0.2,1,5.626086956521738,2.0478260869565217,1.4620000000000002,0.2459999999999999,4.292592592592593,1.359259259259259
5,50,4.7,1.4,2,5.626086956521738,2.0478260869565217,1.4620000000000002,0.2459999999999999,4.292592592592593,1.359259259259259
5,51,4.5,1.5,2,5.626086956521738,2.0478260869565217,1.4620000000000002,0.2459999999999999,4.292592592592593,1.359259259259259
5,52,4.9,1.5,2,5.626086956521738,2.0478260869565217,1.4620000000000002,0.2459999999999999,4.292592592592593,1.359259259259259
5,53,4.0,1.3,2,5.626086956521738,2.0478260869565217,1.4620000000000002,0.2459999999999999,4.292592592592593,1.359259259259259
5,54,4.6,1.5,2,5.626086956521738,2.0478260869565217,1.4620000000000002,0.2459999999999999,4.292592592592593,1.359259259259259
5,55,4.5,1.3,2,5.626086956521738,2.0478260869565217,1.4620000000000002,0.2459999999999999,4.292592592592593,1.359259259259259
5,56,4.7,1.6,2,5.626086956521738,2.0478260869565217,1.4620000000000002,0.2459999999999999,4.292592592592593,1.359259259259259
5,57,3.3,1.0,2,5.626086956521738,2.0478260869565217,1.4620000000000002,0.2459999999999999,4.292592592592593,1.359259259259259
5,58,4.6,1.3,2,5.626086956521738,2.0478260869565217,1.4620000000000002,0.2459999999999999,4.292592592592593,1.359259259259259
5,59,3.9,1.4,2,5.626086956521738,2.0478260869565217,1.4620000000000002,0.2459999999999999,4.292592592592593,1.359259259259259
5,60,3.5,1.0,2,5.626086956521738,2.0478260869565217,1.4620000000000002,0.2459999999999999,4.292592592592593,1.359259259259259
5,61,4.2,1.5,2,5.626086956521738,2.0478260869565217,1.4620000000000002,0.2459999999999999,4.292592592592593,1.359259259259259
5,62,4.0,1.0,2,5.626086956521738,2.0478260869565217,1.4620000000000002,0.2459999999999999,4.292592592592593,1.359259259259259
5,63,4.7,1.4,2,5.626086956521738,2.0478260869565217,1.4620000000000002,0.2459999999999999,4.292592592592593,1.359259259259259
5,64,3.6,1.3,2,5.626086956521738,2.0478260869565217,1.4620000000000002,0.2459999999999999,4.292592592592593,1.359259259259259
5,65,4.4,1.4,2,5.626086956521738,2.0478260869565217,1.4620000000000002,0.2459999999999999,4.292592592592593,1.359259259259259
5,66,4.5,1.5,2,5.626086956521738,2.0478260869565217,1.4620000000000002,0.2459999999999999,4.292592592592593,1.359259259259259
5,67,4.1,1.0,2,5.626086956521738,2.0478260869565217,1.4620000000000002,0.2459999999999999,4.292592592592593,1.359259259259259
5,68,4.5,1.5,2,5.626086956521738,2.0478260869565217,1.4620000000000002,0.2459999999999999,4.292592592592593,1.359259259259259
5,69,3.9,1.1,2,5.626086956521738,2.0478260869565217,1.4620000000000002,0.2459999999999999,4.292592592592593,1.359259259259259
5,70,4.8,1.8,2,5.626086956521738,2.0478260869565217,1.4620000000000002,0.2459999999999999,4.292592592592593,1.359259259259259
5,71,4.0,1.3,2,5.626086956521738,2.0478260869565217,1.4620000000000002,0.2459999999999999,4.292592592592593,1.359259259259259
5,72,4.9,1.5,2,5.626086956521738,2.0478260869565217,1.4620000000000002,0.2459999999999999,4.292592592592593,1.359259259259259
5,73,4.7,1.2,2,5.626086956521738,2.0478260869565217,1.4620000000000002,0.2459999999999999,4.292592592592593,1.359259259259259
5,74,4.3,1.3,2,5.626086956521738,2.0478260869565217,1.4620000000000002,0.2459999999999999,4.292592592592593,1.359259259259259
5,75,4.4,1.4,2,5.626086956521738,2.0478260869565217,1.4620000000000002,0.2459999999999999,4.292592592592593,1.359259259259259
5,76,4.8,1.4,2,5.626086956521738,2.0478260869565217,1.4620000000000002,0.2459999999999999,4.292592592592593,1.359259259259259
5,77,5.0,1.7,0,5.626086956521738,2.0478260869565217,1.4620000000000002,0.2459999999999999,4.292592592592593,1.359259259259259
5,78,4.5,1.5,2,5.626086956521738,2.0478260869565217,1.4620000000000002,0.2459999999999999,4.292592592592593,1.359259259259259
5,79,3.5,1.0,2,5.626086956521738,2.0478260869565217,1.4620000000000002,0.2459999999999999,4.292592592592593,1.359259259259259
5,80,3.8,1.1,2,5.626086956521738,2.0478260869565217,1.4620000000000002,0.2459999999999999,4.292592592592593,1.359259259259259
5,81,3.7,1.0,2,5.626086956521738,2.0478260869565217,1.4620000000000002,0.2459999999999999,4.292592592592593,1.359259259259259
5,82,3.9,1.2,2,5.626086956521738,2.0478260869565217,1.4620000000000002,0.2459999999999999,4.292592592592593,1.359259259259259
5,83,5.1,1.6,0,5.626086956521738,2.0478260869565217,1.4620000000000002,0.2459999999999999,4.292592592592593,1.359259259259259
5,84,4.5,1.5,2,5.626086956521738,2.0478260869565217,1.4620000000000002,0.2459999999999999,4.292592592592593,1.359259259259259
5,85,4.5,1.6,2,5.626086956521738,2.0478260869565217,1.4620000000000002,0.2459999999999999,4.292592592592593,1.359259259259259
5,86,4.7,1.5,2,5.626086956521738,2.0478260869565217,1.4620000000000002,0.2459999999999999,4.292592592592593,1.359259259259259
5,87,4.4,1.3,2,5.626086956521738,2.0478260869565217,1.4620000000000002,0.2459999999999999,4.292592592592593,1.359259259259259
5,88,4.1,1.3,2,5.626086956521738,2.0478260869565217,1.4620000000000002,0.2459999999999999,4.292592592592593,1.359259259259259
5,89,4.0,1.3,2,5.626086956521738,2.0478260869565217,1.4620000000000002,0.2459999999999999,4.292592592592593,1.359259259259259
5,90,4.4,1.2,2,5.626086956521738,2.0478260869565217,1.4620000000000002,0.2459999999999999,4.292592592592593,1.359259259259259
5,91,4.6,1.4,2,5.626086956521738,2.0478260869565217,1.4620000000000002,0.2459999999999999,4.292592592592593,1.359259259259259
5,92,4.0,1.2,2,5.626086956521738,2.0478260869565217,1.4620000000000002,0.2459999999999999,4.292592592592593,1.359259259259259
5,93,3.3,1.0,2,5.626086956521738,2.0478260869565217,1.4620000000000002,0.2459999999999999,4.292592592592593,1.359259259259259
5,94,4.2,1.3,2,5.626086956521738,2.0478260869565217,1.4620000000000002,0.2459999999999999,4.292592592592593,1.359259259259259
5,95,4.2,1.2,2,5.626086956521738,2.0478260869565217,1.4620000000000002,0.2459999999999999,4.292592592592593,1.359259259259259
5,96,4.2,1.3,2,5.626086956521738,2.0478260869565217,1.4620000000000002,0.2459999999999999,4.292592592592593,1.359259259259259
5,97,4.3,1.3,2,5.626086956521738,2.0478260869565217,1.4620000000000002,0.2459999999999999,4.292592592592593,1.359259259259259
5,98,3.0,1.1,2,5.626086956521738,2.0478260869565217,1.4620000000000002,0.2459999999999999,4.292592592592593,1.359259259259259
5,99,4.1,1.3,2,5.626086956521738,2.0478260869565217,1.4620000000000002,0.2459999999999999,4.292592592592593,1.359259259259259
5,100,6.0,2.5,0,5.626086956521738,2.0478260869565217,1.4620000000000002,0.2459999999999999,4.292592592592593,1.359259259259259
5,101,5.1,1.9,0,5.626086956521738,2.0478260869565217,1.4620000000000002,0.2459999999999999,4.292592592592593,1.359259259259259
5,102,5.9,2.1,0,5.626086956521738,2.0478260869565217,1.4620000000000002,0.2459999999999999,4.292592592592593,1.359259259259259
5,103,5.6,1.8,0,5.626086956521738,2.0478260869565217,1.4620000000000002,0.2459999999999999,4.292592592592593,1.359259259259259
5,104,5.8,2.2,0,5.626086956521738,2.0478260869565217,1.4620000000000002,0.2459999999999999,4.292592592592593,1.359259259259259
5,105,6.6,2.1,0,5.626086956521738,2.0478260869565217,1.4620000000000002,0.2459999999999999,4.292592592592593,1.359259259259259
5,106,4.5,1.7,2,5.626086956521738,2.0478260869565217,1.4620000000000002,0.2459999999999999,4.292592592592593,1.359259259259259
5,107,6.3,1.8,0,5.626086956521738,2.0478260869565217,1.4620000000000002,0.2459999999999999,4.292592592592593,1.359259259259259
5,108,5.8,1.8,0,5.626086956521738,2.0478260869565217,1.4620000000000002,0.2459999999999999,4.292592592592593,1.359259259259259
5,109,6.1,2.5,0,5.626086956521738,2.0478260869565217,1.4620000000000002,0.2459999999999999,4.292592592592593,1.359259259259259
5,110,5.1,2.0,0,5.626086956521738,2.0478260869565217,1.4620000000000002,0.2459999999999999,4.292592592592593,1.359259259259259
5,111,5.3,1.9,0,5.626086956521738,2.0478260869565217,1.4620000000000002,0.2459999999999999,4.292592592592593,1.359259259259259
5,112,5.5,2.1,0,5.626086956521738,2.0478260869565217,1.4620000000000002,0.2459999999999999,4.292592592592593,1.359259259259259
5,113,5.0,2.0,0,5.626086956521738,2.0478260869565217,1.4620000000000002,0.2459999999999999,4.292592592592593,1.359259259259259
5,114,5.1,2.4,0,5.626086956521738,2.0478260869565217,1.4620000000000002,0.2459999999999999,4.292592592592593,1.359259259259259
5,115,5.3,2.3,0,5.626086956521738,2.0478260869565217,1.4620000000000002,0.2459999999999999,4.292592592592593,1.359259259259259
5,116,5.5,1.8,0,5.626086956521738,2.0478260869565217,1.4620000000000002,0.2459999999999999,4.292592592592593,1.359259259259259
5,117,6.7,2.2,0,5.626086956521738,2.0478260869565217,1.4620000000000002,0.2459999999999999,4.292592592592593,1.359259259259259
5,118,6.9,2.3,0,5.626086956521738,2.0478260869565217,1.4620000000000002,0.2459999999999999,4.292592592592593,1.359259259259259
5,119,5.0,1.5,2,5.626086956521738,2.0478260869565217,1.4620000000000002,0.2459999999999999,4.292592592592593,1.359259259259259
5,120,5.7,2.3,0,5.626086956521738,2.0478260869565217,1.4620000000000002,0.2459999999999999,4.292592592592593,1.359259259259259
5,121,4.9,2.0,0,5.626086956521738,2.0478260869565217,1.4620000000000002,0.2459999999999999,4.292592592592593,1.359259259259259
5,122,6.7,2.0,0,5.626086956521738,2.0478260869565217,1.4620000000000002,0.2459999999999999,4.292592592592593,1.359259259259259
5,123,4.9,1.8,2,5.626086956521738,2.0478260869565217,1.4620000000000002,0.2459999999999999,4.292592592592593,1.359259259259259
5,124,5.7,2.1,0,5.626086956521738,2.0478260869565217,1.4620000000000002,0.2459999999999999,4.292592592592593,1.359259259259259
5,125,6.0,1.8,0,5.626086956521738,2.0478260869565217,1.4620000000000002,0.2459999999999999,4.292592592592593,1.359259259259259
5,126,4.8,1.8,2,5.626086956521738,2.0478260869565217,1.4620000000000002,0.2459999999999999,4.292592592592593,1.359259259259259
5,127,4.9,1.8,2,5.626086956521738,2.0478260869565217,1.4620000000000002,0.2459999999999999,4.292592592592593,1.359259259259259
5,128,5.6,2.1,0,5.626086956521738,2.0478260869565217,1.4620000000000002,0.2459999999999999,4.292592592592593,1.359259259259259
5,129,5.8,1.6,0,5.626086956521738,2.0478260869565217,1.4620000000000002,0.2459999999999999,4.292592592592593,1.359259259259259
5,130,6.1,1.9,0,5.626086956521738,2.0478260869565217,1.4620000000000002,0.2459999999999999,4.292592592592593,1.359259259259259
5,131,6.4,2.0,0,5.626086956521738,2.0478260869565217,1.4620000000000002,0.2459999999999999,4.292592592592593,1.359259259259259
5,132,5.6,2.2,0,5.626086956521738,2.0478260869565217,1.4620000000000002,0.2459999999999999,4.292592592592593,1.359259259259259
5,133,5.1,1.5,0,5.626086956521738,2.0478260869565217,1.4620000000000002,0.2459999999999999,4.292592592592593,1.359259259259259
5,134,5.6,1.4,0,5.626086956521738,2.0478260869565217,1.4620000000000002,0.2459999999999999,4.292592592592593,1.359259259259259
5,135,6.1,2.3,0,5.626086956521738,2.0478260869565217,1.4620000000000002,0.2459999999999999,4.292592592592593,1.359259259259259
5,136,5.6,2.4,0,5.626086956521738,2.0478260869565217,1.4620000000000002,0.2459999999999999,4.292592592592593,1.359259259259259
5,137,5.5,1.8,0,5.626086956521738,2.0478260869565217,1.4620000000000002,0.2459999999999999,4.292592592592593,1.359259259259259
5,138,4.8,1.8,2,5.626086956521738,2.0478260869565217,1.4620000000000002,0.2459999999999999,4.292592592592593,1.359259259259259
5,139,5.4,2.1,0,5.626086956521738,2.0478260869565217,1.4620000000000002,0.2459999999999999,4.292592592592593,1.359259259259259
5,140,5.6,2.4,0,5.626086956521738,2.0478260869565217,1.4620000000000002,0.2459999999999999,4.292592592592593,1.359259259259259
5,141,5.1,2.3,0,5.626086956521738,2.0478260869565217,1.4620000000000002,0.2459999999999999,4.292592592592593,1.359259259259259
5,142,5.1,1.9,0,5.626086956521738,2.0478260869565217,1.4620000000000002,0.2459999999999999,4.292592592592593,1.359259259259259
5,143,5.9,2.3,0,5.626086956521738,2.0478260869565217,1.4620000000000002,0.2459999999999999,4.292592592592593,1.359259259259259
5,144,5.7,2.5,0,5.626086956521738,2.0478260869565217,1.4620000000000002,0.2459999999999999,4.292592592592593,1.359259259259259
5,145,5.2,2.3,0,5.626086956521738,2.0478260869565217,1.4620000000000002,0.2459999999999999,4.292592592592593,1.359259259259259
5,146,5.0,1.9,0,5.626086956521738,2.0478260869565217,1.4620000000000002,0.2459999999999999,4.292592592592593,1.359259259259259
5,147,5.2,2.0,0,5.626086956521738,2.0478260869565217,1.4620000000000002,0.2459999999999999,4.292592592592593,1.359259259259259
5,148,5.4,2.3,0,5.626086956521738,2.0478260869565217,1.4620000000000002,0.2459999999999999,4.292592592592593,1.359259259259259
5,149,5.1,1.8,0,5.626086956521738,2.0478260869565217,1.4620000000000002,0.2459999999999999,4.292592592592593,1.359259259259259
