iteration,point_index,petal_length,petal_width,assigned_cluster,distance_to_center_0,distance_to_center_1,distance_to_center_2
1,0,1.4,0.2,2,4.701063709417264,3.54682957019364,0.1414213562373094
1,1,1.4,0.2,2,4.701063709417264,3.54682957019364,0.1414213562373094
1,2,1.3,0.2,2,4.792702786528704,3.6400549446402595,0.09999999999999998
1,3,1.5,0.2,2,4.6097722286464435,3.453983207834109,0.2236067977499789
1,4,1.4,0.2,2,4.701063709417264,3.54682957019364,0.1414213562373094
1,5,1.7,0.4,2,4.346262762420146,3.1953090617340916,0.41231056256176596
1,6,1.4,0.3,2,4.661544808322667,3.511409973215888,0.09999999999999987
1,7,1.5,0.2,2,4.6097722286464435,3.453983207834109,0.2236067977499789
1,8,1.4,0.2,2,4.701063709417264,3.54682957019364,0.1414213562373094
1,9,1.5,0.1,2,4.651881339845203,3.492849839314596,0.28284271247461895
1,10,1.5,0.2,2,4.6097722286464435,3.453983207834109,0.2236067977499789
1,11,1.6,0.2,2,4.518849411078001,3.361547262794322,0.31622776601683794
1,12,1.4,0.1,2,4.742362280551751,3.5846896657869842,0.2236067977499789
1,13,1.1,0.1,2,5.015974481593781,3.862641583165593,0.28284271247461895
1,14,1.2,0.2,2,4.884669896727925,3.7336309405188937,0.14142135623730953
1,15,1.5,0.4,2,4.531004303683677,3.3837848631377265,0.22360679774997894
1,16,1.3,0.4,2,4.7169905660283025,3.5735136770411278,0.10000000000000003
1,17,1.4,0.3,2,4.661544808322667,3.511409973215888,0.09999999999999987
1,18,1.7,0.3,2,4.386342439892262,3.2310988842807022,0.3999999999999999
1,19,1.5,0.3,2,4.5694638635183455,3.417601498127013,0.19999999999999996
1,20,1.7,0.2,2,4.428317965096905,3.269556544854363,0.41231056256176596
1,21,1.5,0.4,2,4.531004303683677,3.3837848631377265,0.22360679774997894
1,22,1.0,0.2,2,5.06951674225463,3.9217343102255158,0.31622776601683794
1,23,1.7,0.5,2,4.308131845707604,3.1622776601683795,0.44721359549995787
1,24,1.9,0.2,2,4.2485291572496005,3.0870698080866266,0.6082762530298218
1,25,1.6,0.2,2,4.518849411078001,3.361547262794322,0.31622776601683794
1,26,1.6,0.4,2,4.43846820423443,3.2893768406797057,0.316227766016838
1,27,1.5,0.2,2,4.6097722286464435,3.453983207834109,0.2236067977499789
1,28,1.4,0.2,2,4.701063709417264,3.54682957019364,0.1414213562373094
1,29,1.6,0.2,2,4.518849411078001,3.361547262794322,0.31622776601683794
1,30,1.6,0.2,2,4.518849411078001,3.361547262794322,0.31622776601683794
1,31,1.5,0.4,2,4.531004303683677,3.3837848631377265,0.22360679774997894
1,32,1.5,0.1,2,4.651881339845203,3.492849839314596,0.28284271247461895
1,33,1.4,0.2,2,4.701063709417264,3.54682957019364,0.1414213562373094
1,34,1.5,0.2,2,4.6097722286464435,3.453983207834109,0.2236067977499789
1,35,1.2,0.2,2,4.884669896727925,3.7336309405188937,0.14142135623730953
1,36,1.3,0.2,2,4.792702786528704,3.6400549446402595,0.09999999999999998
1,37,1.4,0.1,2,4.742362280551751,3.5846896657869842,0.2236067977499789
1,38,1.3,0.2,2,4.792702786528704,3.6400549446402595,0.09999999999999998
1,39,1.5,0.2,2,4.6097722286464435,3.453983207834109,0.2236067977499789
1,40,1.3,0.3,2,4.753945729601885,3.6055512754639896,0.0
1,41,1.3,0.3,2,4.753945729601885,3.6055512754639896,0.0
1,42,1.3,0.2,2,4.792702786528704,3.6400549446402595,0.09999999999999998
1,43,1.6,0.6,2,4.365775990588615,3.228002478313795,0.42426406871192857
1,44,1.9,0.4,2,4.16293165929973,3.008321791298265,0.6082762530298218
1,45,1.4,0.3,2,4.661544808322667,3.511409973215888,0.09999999999999987
1,46,1.6,0.2,2,4.518849411078001,3.361547262794322,0.31622776601683794
1,47,1.4,0.2,2,4.701063709417264,3.54682957019364,0.1414213562373094
1,48,1.5,0.2,2,4.6097722286464435,3.453983207834109,0.2236067977499789
1,49,1.4,0.2,2,4.701063709417264,3.54682957019364,0.1414213562373094
1,50,4.7,1.4,1,1.2206555615733703,0.10000000000000009,3.5735136770411278
1,51,4.5,1.5,1,1.341640786499874,0.20000000000000018,3.417601498127013
1,52,4.9,1.5,1,0.9999999999999999,0.20000000000000018,3.7947331922020555
1,53,4.0,1.3,1,1.8788294228055937,0.728010988928052,2.879236009777594
1,54,4.6,1.5,1,1.2529964086141672,0.10000000000000053,3.5114099732158874
1,55,4.5,1.3,1,1.4422205101855958,0.28284271247461906,3.3526109228480423
1,56,4.7,1.6,1,1.118033988749895,0.10000000000000009,3.6400549446402595
1,57,3.3,1.0,1,2.6400757564888173,1.4866068747318508,2.118962010041709
1,58,4.6,1.3,1,1.3601470508735447,0.22360679774997916,3.4481879299133333
1,59,3.9,1.4,1,1.931320791582797,0.8062257748298552,2.8231188426986202
1,60,3.5,1.0,1,2.459674775249769,1.3,2.3086792761230392
1,61,4.2,1.5,1,1.6155494421403513,0.5,3.1384709652950433
1,62,4.0,1.0,1,2.024845673131659,0.8602325267042628,2.7892651361962706
1,63,4.7,1.4,1,1.2206555615733703,0.10000000000000009,3.5735136770411278
1,64,3.6,1.3,1,2.247220505424423,1.118033988749895,2.5079872407968904
1,65,4.4,1.4,1,1.4764823060233399,0.31622776601683783,3.2893768406797057
1,66,4.5,1.5,1,1.341640786499874,0.20000000000000018,3.417601498127013
1,67,4.1,1.0,1,1.9416487838947605,0.7810249675906659,2.886173937932362
1,68,4.5,1.5,1,1.341640786499874,0.20000000000000018,3.417601498127013
1,69,3.9,1.1,1,2.0591260281974004,0.8944271909999161,2.7202941017470885
1,70,4.8,1.8,1,0.9486832980505141,0.31622776601683783,3.8078865529319543
1,71,4.0,1.3,1,1.8788294228055937,0.728010988928052,2.879236009777594
1,72,4.9,1.5,1,0.9999999999999999,0.20000000000000018,3.7947331922020555
1,73,4.7,1.2,1,1.3453624047073711,0.30000000000000004,3.5171010790137953
1,74,4.3,1.3,1,1.6124515496597103,0.4472135954999582,3.1622776601683795
1,75,4.4,1.4,1,1.4764823060233399,0.31622776601683783,3.2893768406797057
1,76,4.8,1.4,1,1.1401754250991385,0.1414213562373093,3.6687872655688283
1,77,5.0,1.7,1,0.8062257748298551,0.3605551275463988,3.9560080889704965
1,78,4.5,1.5,1,1.341640786499874,0.20000000000000018,3.417601498127013
1,79,3.5,1.0,1,2.459674775249769,1.3,2.3086792761230392
1,80,3.8,1.1,1,2.147091055358389,0.9848857801796107,2.6248809496813377
1,81,3.7,1.0,1,2.2825424421026654,1.118033988749895,2.5000000000000004
1,82,3.9,1.2,1,2.012461179749811,0.8544003745317533,2.7513632984395207
1,83,5.1,1.6,1,0.7810249675906659,0.41231056256176557,4.016217125604641
1,84,4.5,1.5,1,1.341640786499874,0.20000000000000018,3.417601498127013
1,85,4.5,1.6,1,1.3,0.22360679774997916,3.453983207834109
1,86,4.7,1.5,1,1.1661903789690602,0.0,3.6055512754639896
1,87,4.4,1.3,1,1.5264337522473748,0.3605551275463988,3.2572994949804666
1,88,4.1,1.3,1,1.7888543819998324,0.6324555320336763,2.973213749463701
1,89,4.0,1.3,1,1.8788294228055937,0.728010988928052,2.879236009777594
1,90,4.4,1.2,1,1.5811388300841898,0.42426406871192845,3.2280024783137953
1,91,4.6,1.4,1,1.3038404810405302,0.14142135623730995,3.478505426185217
1,92,4.0,1.2,1,1.9235384061671348,0.761577310586391,2.8460498941515415
1,93,3.3,1.0,1,2.6400757564888173,1.4866068747318508,2.118962010041709
1,94,4.2,1.3,1,1.7,0.5385164807134504,3.0675723300355937
1,95,4.2,1.2,1,1.7492855684535902,0.5830951894845301,3.0364452901377956
1,96,4.2,1.3,1,1.7,0.5385164807134504,3.0675723300355937
1,97,4.3,1.3,1,1.6124515496597103,0.4472135954999582,3.1622776601683795
1,98,3.0,1.1,1,2.879236009777594,1.7464249196572983,1.8788294228055935
1,99,4.1,1.3,1,1.7888543819998324,0.6324555320336763,2.973213749463701
1,100,6.0,2.5,0,0.49999999999999983,1.6401219466856725,5.189412298131649
1,101,5.1,1.9,1,0.6324555320336764,0.5656854249492376,4.123105625617661
1,102,5.9,2.1,0,0.20000000000000018,1.341640786499874,4.939635614091388
1,103,5.6,1.8,0,0.31622776601683816,0.9486832980505133,4.55411901469428
1,104,5.8,2.2,0,0.1414213562373093,1.3038404810405295,4.884669896727925
1,105,6.6,2.1,0,0.8999999999999995,1.992485884517127,5.597320787662611
1,106,4.5,1.7,1,1.264911064067352,0.28284271247461906,3.492849839314596
1,107,6.3,1.8,0,0.6708203932499366,1.6278820596099701,5.220153254455275
1,108,5.8,1.8,0,0.31622776601683783,1.1401754250991376,4.743416490252569
1,109,6.1,2.5,0,0.5656854249492376,1.7204650534085248,5.280151512977634
1,110,5.1,2.0,0,0.6082762530298225,0.6403124237432846,4.162931659299729
1,111,5.3,1.9,0,0.4472135954999583,0.7211102550927976,4.308131845707603
1,112,5.5,2.1,0,0.20000000000000018,0.9999999999999999,4.5694638635183455
1,113,5.0,2.0,1,0.7071067811865478,0.58309518948453,4.071854614300467
1,114,5.1,2.4,0,0.6708203932499374,0.9848857801796101,4.341658669218482
1,115,5.3,2.3,0,0.44721359549995815,0.9999999999999997,4.47213595499958
1,116,5.5,1.8,0,0.36055512754639907,0.854400374531753,4.459820624195552
1,117,6.7,2.2,0,1.004987562112089,2.118962010041709,5.724508712544685
1,118,6.9,2.3,0,1.216552506059644,2.340939982143925,5.946427498927402
1,119,5.0,1.5,1,0.9219544457292889,0.2999999999999998,3.889730067755345
1,120,5.7,2.3,0,0.19999999999999973,1.2806248474865696,4.833218389437829
1,121,4.9,2.0,1,0.8062257748298548,0.5385164807134505,3.9812058474788774
1,122,6.7,2.0,0,1.004987562112089,2.0615528128088303,5.661271941887265
1,123,4.9,1.8,1,0.854400374531753,0.36055512754639907,3.9000000000000004
1,124,5.7,2.1,0,0.0,1.1661903789690602,4.753945729601885
1,125,6.0,1.8,0,0.42426406871192845,1.3341664064126333,4.933558553417604
1,126,4.8,1.8,1,0.9486832980505141,0.31622776601683783,3.8078865529319543
1,127,4.9,1.8,1,0.854400374531753,0.36055512754639907,3.9000000000000004
1,128,5.6,2.1,0,0.10000000000000053,1.0816653826391964,4.661544808322666
1,129,5.8,1.6,0,0.5099019513592784,1.1045361017187258,4.684015371452148
1,130,6.1,1.9,0,0.44721359549995754,1.456021977856103,5.059644256269407
1,131,6.4,2.0,0,0.7071067811865478,1.7720045146669352,5.375872022286245
1,132,5.6,2.2,0,0.14142135623730995,1.1401754250991376,4.701063709417263
1,133,5.1,1.5,1,0.8485281374238575,0.39999999999999947,3.9849717690342548
1,134,5.6,1.4,0,0.7071067811865478,0.9055385138137412,4.43846820423443
1,135,6.1,2.3,0,0.4472135954999574,1.6124515496597092,5.2
1,136,5.6,2.4,0,0.31622776601683794,1.272792206135785,4.78539444560216
1,137,5.5,1.8,0,0.36055512754639907,0.854400374531753,4.459820624195552
1,138,4.8,1.8,1,0.9486832980505141,0.31622776601683783,3.8078865529319543
1,139,5.4,2.1,0,0.2999999999999998,0.9219544457292889,4.4777226354476225
1,140,5.6,2.4,0,0.31622776601683794,1.272792206135785,4.78539444560216
1,141,5.1,2.3,0,0.6324555320336763,0.8944271909999155,4.294182110716777
1,142,5.1,1.9,1,0.6324555320336764,0.5656854249492376,4.123105625617661
1,143,5.9,2.3,0,0.28284271247461895,1.4422205101855958,5.015974481593782
1,144,5.7,2.5,0,0.3999999999999999,1.4142135623730951,4.919349550499538
1,145,5.2,2.3,0,0.5385164807134504,0.9433981132056602,4.382921400162226
1,146,5.0,1.9,1,0.728010988928052,0.49999999999999983,4.031128874149275
1,147,5.2,2.0,0,0.5099019513592785,0.7071067811865476,4.254409477236529
1,148,5.4,2.3,0,0.3605551275463986,1.0630145812734648,4.561797891182818
1,149,5.1,1.8,1,0.6708203932499374,0.4999999999999996,4.085339643163099
2,0,1.4,0.2,2,4.765104008961001,3.2400169367716116,0.07720103626247529
2,1,1.4,0.2,2,4.765104008961001,3.2400169367716116,0.07720103626247529
2,2,1.3,0.2,2,4.856925954729979,3.332823090199493,0.16840427548016718
2,3,1.5,0.2,2,4.6736177317686876,3.1476514658657644,0.059665735560704994
2,4,1.4,0.2,2,4.765104008961001,3.2400169367716116,0.07720103626247529
2,5,1.7,0.4,2,4.410613734336017,2.8875917199360237,0.2834783942384321
2,6,1.4,0.3,2,4.7260062563580165,3.2035835943213646,0.08221921916437812
2,7,1.5,0.2,2,4.6736177317686876,3.1476514658657644,0.059665735560704994
2,8,1.4,0.2,2,4.765104008961001,3.2400169367716116,0.07720103626247529
2,9,1.5,0.1,2,4.715271337238587,3.1878631801457225,0.15086417732516874
2,10,1.5,0.2,2,4.6736177317686876,3.1476514658657644,0.059665735560704994
2,11,1.6,0.2,2,4.582487227389638,3.055766638761359,0.14546477236774533
2,12,1.4,0.1,2,4.805964762386141,3.2790961643917673,0.15861904047118683
2,13,1.1,0.1,2,5.080141517501045,3.5556253536232973,0.3903331910048133
2,14,1.2,0.2,2,4.949064885737833,3.426034114040153,0.26600751869073197
2,15,1.5,0.4,2,4.595708926873037,3.0754163849864438,0.15861904047118688
2,16,1.3,0.4,2,4.782004555368758,3.2646877248893325,0.22351733713517632
2,17,1.4,0.3,2,4.7260062563580165,3.2035835943213646,0.08221921916437812
2,18,1.7,0.3,2,4.450235341484153,2.924542330998987,0.2440491753725054
2,19,1.5,0.3,2,4.633748118059677,3.110136306627893,0.06603029607687666
2,20,1.7,0.2,2,4.4917341501557795,2.96440714993182,0.24240462041801075
2,21,1.5,0.4,2,4.595708926873037,3.0754163849864438,0.15861904047118688
2,22,1.0,0.2,2,5.13422538171731,3.6135453159697466,0.46428439560252305
2,23,1.7,0.5,2,4.372920355143965,2.853668522495418,0.3480804504708645
2,24,1.9,0.2,2,4.311455513935941,2.7834708100799075,0.4404089009091435
2,25,1.6,0.2,2,4.582487227389638,3.055766638761359,0.14546477236774533
2,26,1.6,0.4,2,4.503002001668111,2.9813060797313455,0.20678491240900532
2,27,1.5,0.2,2,4.6736177317686876,3.1476514658657644,0.059665735560704994
2,28,1.4,0.2,2,4.765104008961001,3.2400169367716116,0.07720103626247529
2,29,1.6,0.2,2,4.582487227389638,3.055766638761359,0.14546477236774533
2,30,1.6,0.2,2,4.582487227389638,3.055766638761359,0.14546477236774533
2,31,1.5,0.4,2,4.595708926873037,3.0754163849864438,0.15861904047118688
2,32,1.5,0.1,2,4.715271337238587,3.1878631801457225,0.15086417732516874
2,33,1.4,0.2,2,4.765104008961001,3.2400169367716116,0.07720103626247529
2,34,1.5,0.2,2,4.6736177317686876,3.1476514658657644,0.059665735560704994
2,35,1.2,0.2,2,4.949064885737833,3.426034114040153,0.26600751869073197
2,36,1.3,0.2,2,4.856925954729979,3.332823090199493,0.16840427548016718
2,37,1.4,0.1,2,4.805964762386141,3.2790961643917673,0.15861904047118683
2,38,1.3,0.2,2,4.856925954729979,3.332823090199493,0.16840427548016718
2,39,1.5,0.2,2,4.6736177317686876,3.1476514658657644,0.059665735560704994
2,40,1.3,0.3,2,4.818573300122002,3.2974153280721237,0.17076299364909264
2,41,1.3,0.3,2,4.818573300122002,3.2974153280721237,0.17076299364909264
2,42,1.3,0.2,2,4.856925954729979,3.332823090199493,0.16840427548016718
2,43,1.6,0.6,2,4.431124559845373,2.9186747217734417,0.37994736477570157
2,44,1.9,0.4,2,4.226876682195315,2.7015154896914964,0.4642843956025227
2,45,1.4,0.3,2,4.7260062563580165,3.2035835943213646,0.08221921916437812
2,46,1.6,0.2,2,4.582487227389638,3.055766638761359,0.14546477236774533
2,47,1.4,0.2,2,4.765104008961001,3.2400169367716116,0.07720103626247529
2,48,1.5,0.2,2,4.6736177317686876,3.1476514658657644,0.059665735560704994
2,49,1.4,0.2,2,4.765104008961001,3.2400169367716116,0.07720103626247529
2,50,4.7,1.4,1,1.2795691842558936,0.3009433392252372,3.43749327272069
2,51,4.5,1.5,1,1.4047217671991983,0.12571789316613383,3.286633536006106
2,52,4.9,1.5,1,1.0579173829695707,0.5057716764135093,3.6595573502815886
2,53,4.0,1.3,1,1.9424142125131205,0.41872281784725,2.7481557452226024
2,54,4.6,1.5,1,1.315191898442857,0.21402100051661105,3.3792839478208987
2,55,4.5,1.3,1,1.5018007209365032,0.15915023778160362,3.215643015012705
2,56,4.7,1.6,1,1.181158386980819,0.34791246585919666,3.5096951434561947
2,57,3.3,1.0,1,2.703851107367194,1.1788191177918927,1.9866454137565663
2,58,4.6,1.3,1,1.418411749772219,0.23522074352816072,3.3102809548435608
2,59,3.9,1.4,1,1.9963480171065864,0.5005665724197299,2.6973246004142695
2,60,3.5,1.0,1,2.5226541149717248,0.99479370347407,2.173007132984151
2,61,4.2,1.5,1,1.6804117899442914,0.21402100051661188,3.011504607335011
2,62,4.0,1.0,1,2.084758071387711,0.5827645429087597,2.6476329050682232
2,63,4.7,1.4,1,1.2795691842558936,0.3009433392252372,3.43749327272069
2,64,3.6,1.3,1,2.312363947787419,0.8095238095238098,2.38368622096114
2,65,4.4,1.4,1,1.5387780339730066,0.023809523809523947,3.1565107318049783
2,66,4.5,1.5,1,1.4047217671991983,0.12571789316613383,3.286633536006106
2,67,4.1,1.0,1,2.000675561579812,0.5192441742298664,2.7436399180650506
2,68,4.5,1.5,1,1.4047217671991983,0.12571789316613383,3.286633536006106
2,69,3.9,1.1,1,2.1210018030752926,0.595695062687069,2.583246020029838
2,70,4.8,1.8,1,1.0146228163507147,0.5491077074458314,3.6820048886442285
2,71,4.0,1.3,1,1.9424142125131205,0.41872281784725,2.7481557452226024
2,72,4.9,1.5,1,1.0579173829695707,0.5057716764135093,3.6595573502815886
2,73,4.7,1.2,1,1.399806936494978,0.3742869259643539,3.3756125370071723
2,74,4.3,1.3,1,1.6740467234914405,0.15915023778160417,3.027401526061582
2,75,4.4,1.4,1,1.5387780339730066,0.023809523809523947,3.1565107318049783
2,76,4.8,1.4,1,1.1974071086242057,0.40070799021736,3.5318493739116334
2,77,5.0,1.7,1,0.8680515615523715,0.6605158432152264,3.825122220269569
2,78,4.5,1.5,1,1.4047217671991983,0.12571789316613383,3.286633536006106
2,79,3.5,1.0,1,2.5226541149717248,0.99479370347407,2.173007132984151
2,80,3.8,1.1,1,2.2095615316533177,0.6818010030131602,2.4890881864650756
2,81,3.7,1.0,1,2.3445163161634746,0.8182997693215217,2.3616011517612367
2,82,3.9,1.2,1,2.075468035785558,0.5478053513318817,2.6180068754684354
2,83,5.1,1.6,1,0.8373058467973808,0.7218331413146849,3.8817985522177727
2,84,4.5,1.5,1,1.4047217671991983,0.12571789316613383,3.286633536006106
2,85,4.5,1.6,1,1.3646106265752724,0.20259092748745364,3.326072759276321
2,86,4.7,1.5,1,1.2272800072584136,0.30952380952380937,3.4723421490400397
2,87,4.4,1.3,1,1.5871102415770975,0.12380952380952381,3.1213394560668983
2,88,4.1,1.3,1,1.85187997976636,0.32454398497883374,2.8407675019261953
2,89,4.0,1.3,1,1.9424142125131205,0.41872281784725,2.7481557452226024
2,90,4.4,1.2,1,1.6401219466856707,0.2238095238095239,3.089006312716114
2,91,4.6,1.4,1,1.3641153949761022,0.20141224745291933,3.34346526825089
2,92,4.0,1.2,1,1.9859642630354775,0.4583565238412628,2.711376034414998
2,93,3.3,1.0,1,2.703851107367194,1.1788191177918927,1.9866454137565663
2,94,4.2,1.3,1,1.7623694124518672,0.23522074352816147,2.9338643458755893
2,95,4.2,1.2,1,1.8102560667007914,0.3001511335108463,2.8994413254970346
2,96,4.2,1.3,1,1.7623694124518672,0.23522074352816147,2.9338643458755893
2,97,4.3,1.3,1,1.6740467234914405,0.15915023778160417,3.027401526061582
2,98,3.0,1.1,1,2.9445322668074567,1.4369595010680543,1.7591929968027953
2,99,4.1,1.3,1,1.85187997976636,0.32454398497883374,2.8407675019261953
2,100,6.0,2.5,0,0.457962585512977,1.9282598219750062,5.066947799217987
2,101,5.1,1.9,0,0.698453890989116,0.8466152429613533,3.9963433285942784
2,102,5.9,2.1,0,0.13254270092150713,1.6453673024861966,4.809694376984883
2,103,5.6,1.8,0,0.3483552085893803,1.257584698688886,4.420176467065541
2,104,5.8,2.2,0,0.10000000000000102,1.6007722059458669,4.7577683844424365
2,105,6.6,2.1,0,0.8324499822649857,2.3015719758657776,5.462266928666156
2,106,4.5,1.7,1,1.3308197026949506,0.29373658120554524,3.3680201899632367
2,107,6.3,1.8,0,0.6138051455932558,1.9368839083374139,5.081452548238544
2,108,5.8,1.8,0,0.3071226535511898,1.4496617793045437,4.607945312175481
2,109,6.1,2.5,0,0.5159614483817734,2.0120104226974274,5.1567004954718865
2,110,5.1,2.0,0,0.6758378183830459,0.9066396554599885,4.03875723459581
2,111,5.3,1.9,0,0.5106963978831349,1.018212831197148,4.179229594075922
2,112,5.5,2.1,0,0.26762216205243683,1.2912139869482138,4.4432825703526895
2,113,5.0,2.0,0,0.7747711083089429,0.8318626478287189,3.9489188393786976
2,114,5.1,2.4,0,0.7296796779631669,1.2012276411259388,4.22785524823166
2,115,5.3,2.3,0,0.5064449491173599,1.256069166314854,4.353063289225186
2,116,5.5,1.8,0,0.406035546307049,1.1625486116186354,4.326703132871494
2,117,6.7,2.2,0,0.9372184261837695,2.4274413804104102,5.590595674881166
2,118,6.9,2.3,0,1.14903014332535,2.649096025169132,5.8129820230239835
2,119,5.0,1.5,1,0.9775866589083919,0.6048181451164731,3.753659547694756
2,120,5.7,2.3,0,0.20599134067341832,1.5677084392727152,4.70951802204854
2,121,4.9,2.0,1,0.8739472431352938,0.7628862725548334,3.8595802880624213
2,122,6.7,2.0,0,0.9383712168116325,2.3710747488960795,5.523871830518879
2,123,4.9,1.8,1,0.9197531983885363,0.6257150105091113,3.7728980903279115
2,124,5.7,2.1,0,0.06778343894045466,1.4653441780314627,4.625792905005583
2,125,6.0,1.8,0,0.3837933002246102,1.643629907970896,4.796703034376842
2,126,4.8,1.8,1,1.0146228163507147,0.5491077074458314,3.6820048886442285
2,127,4.9,1.8,1,0.9197531983885363,0.6257150105091113,3.7728980903279115
2,128,5.6,2.1,0,0.16765472885698057,1.3774010164402746,4.534353316626308
2,129,5.8,1.6,0,0.5064449491173607,1.4110432608181172,4.544398750109853
2,130,6.1,1.9,0,0.39077193182558984,1.7654340456710667,4.924099917751467
2,131,6.4,2.0,0,0.6411560504908953,2.081344629044553,5.240263352160844
2,132,5.6,2.2,0,0.19242408120354043,1.4291506762160513,4.576151221277549
2,133,5.1,1.5,1,0.9012004006668883,0.7041342121088355,3.8480592511030802
2,134,5.6,1.4,0,0.7250349478995304,1.200236182350805,4.295900371284231
2,135,6.1,2.3,0,0.3851991411963159,1.9125139870251644,5.072470798338814
2,136,5.6,2.4,0,0.33891719470228215,1.546915591040761,4.665057341555407
2,137,5.5,1.8,0,0.406035546307049,1.1625486116186354,4.326703132871494
2,138,4.8,1.8,1,1.0146228163507147,0.5491077074458314,3.6820048886442285
2,139,5.4,2.1,0,0.36760731104690186,1.207159293585856,4.352603818405714
2,140,5.6,2.4,0,0.33891719470228215,1.546915591040761,4.665057341555407
2,141,5.1,2.3,0,0.6953513597552765,1.1214765938560163,4.177793676092681
2,142,5.1,1.9,0,0.698453890989116,0.8466152429613533,3.9963433285942784
2,143,5.9,2.3,0,0.23538352832219595,1.7371556494934164,4.890271976076587
2,144,5.7,2.5,0,0.4003376952902017,1.6876569381965885,4.800120831812466
2,145,5.2,2.3,0,0.5999999999999984,1.1864694478017093,4.265156503576392
2,146,5.0,1.9,1,0.7945762086492073,0.766000894003729,3.905529413536659
2,147,5.2,2.0,0,0.5772722436106218,0.9858983035042749,4.129062847668948
2,148,5.4,2.3,0,0.4159001959280274,1.3295524625101836,4.4414817347367315
2,149,5.1,1.8,0,0.73411097180121,0.7946818699180297,3.956003033365874
3,0,1.4,0.2,2,4.695168197428242,3.1854749708642935,0.07720103626247529
3,1,1.4,0.2,2,4.695168197428242,3.1854749708642935,0.07720103626247529
3,2,1.3,0.2,2,4.786920137430911,3.2784292348058988,0.16840427548016718
3,3,1.5,0.2,2,4.603759811517275,3.092960286259064,0.059665735560704994
3,4,1.4,0.2,2,4.695168197428242,3.1854749708642935,0.07720103626247529
3,5,1.7,0.4,2,4.3405596483262565,2.83338988627227,0.2834783942384321
3,6,1.4,0.3,2,4.655913576454128,3.1494357756996902,0.08221921916437812
3,7,1.5,0.2,2,4.603759811517275,3.092960286259064,0.059665735560704994
3,8,1.4,0.2,2,4.695168197428242,3.1854749708642935,0.07720103626247529
3,9,1.5,0.1,2,4.645608417944121,3.132843503452018,0.15086417732516874
3,10,1.5,0.2,2,4.603759811517275,3.092960286259064,0.059665735560704994
3,11,1.6,0.2,2,4.512715856570362,3.0009258362626414,0.14546477236774533
3,12,1.4,0.1,2,4.7362091985968355,3.224213993324363,0.15861904047118683
3,13,1.1,0.1,2,5.010157439928738,3.5011567013817007,0.3903331910048133
3,14,1.2,0.2,2,4.878996249449427,3.371786722978947,0.26600751869073197
3,15,1.5,0.4,2,4.525534008344005,3.0215547592066287,0.15861904047118688
3,16,1.3,0.4,2,4.711736204487488,3.211150584780861,0.22351733713517632
3,17,1.4,0.3,2,4.655913576454128,3.1494357756996902,0.08221921916437812
3,18,1.7,0.3,2,4.380357431923777,2.8699134712349346,0.2440491753725054
3,19,1.5,0.3,2,4.5637190131963505,3.055830205955493,0.06603029607687666
3,20,1.7,0.2,2,4.422058842003527,2.909417195439924,0.24240462041801075
3,21,1.5,0.4,2,4.525534008344005,3.0215547592066287,0.15861904047118688
3,22,1.0,0.2,2,5.064050197435011,3.559584332546617,0.46428439560252305
3,23,1.7,0.5,2,4.302718314036657,2.7999630645571427,0.3480804504708645
3,24,1.9,0.2,2,4.242004762154514,2.7281886851659065,0.4404089009091435
3,25,1.6,0.2,2,4.512715856570362,3.0009258362626414,0.14546477236774533
3,26,1.6,0.4,2,4.432883718379963,2.9272761580105673,0.20678491240900532
3,27,1.5,0.2,2,4.603759811517275,3.092960286259064,0.059665735560704994
3,28,1.4,0.2,2,4.695168197428242,3.1854749708642935,0.07720103626247529
3,29,1.6,0.2,2,4.512715856570362,3.0009258362626414,0.14546477236774533
3,30,1.6,0.2,2,4.512715856570362,3.0009258362626414,0.14546477236774533
3,31,1.5,0.4,2,4.525534008344005,3.0215547592066287,0.15861904047118688
3,32,1.5,0.1,2,4.645608417944121,3.132843503452018,0.15086417732516874
3,33,1.4,0.2,2,4.695168197428242,3.1854749708642935,0.07720103626247529
3,34,1.5,0.2,2,4.603759811517275,3.092960286259064,0.059665735560704994
3,35,1.2,0.2,2,4.878996249449427,3.371786722978947,0.26600751869073197
3,36,1.3,0.2,2,4.786920137430911,3.2784292348058988,0.16840427548016718
3,37,1.4,0.1,2,4.7362091985968355,3.224213993324363,0.15861904047118683
3,38,1.3,0.2,2,4.786920137430911,3.2784292348058988,0.16840427548016718
3,39,1.5,0.2,2,4.603759811517275,3.092960286259064,0.059665735560704994
3,40,1.3,0.3,2,4.748424078724422,3.243423062581295,0.17076299364909264
3,41,1.3,0.3,2,4.748424078724422,3.243423062581295,0.17076299364909264
3,42,1.3,0.2,2,4.786920137430911,3.2784292348058988,0.16840427548016718
3,43,1.6,0.6,2,4.360769624643654,2.8657172811995224,0.37994736477570157
3,44,1.9,0.4,2,4.15697703393682,2.6469611505225674,0.4642843956025227
3,45,1.4,0.3,2,4.655913576454128,3.1494357756996902,0.08221921916437812
3,46,1.6,0.2,2,4.512715856570362,3.0009258362626414,0.14546477236774533
3,47,1.4,0.2,2,4.695168197428242,3.1854749708642935,0.07720103626247529
3,48,1.5,0.2,2,4.603759811517275,3.092960286259064,0.059665735560704994
3,49,1.4,0.2,2,4.695168197428242,3.1854749708642935,0.07720103626247529
3,50,4.7,1.4,1,1.2123227100739689,0.34586655137322136,3.43749327272069
3,51,4.5,1.5,1,1.3351603583949703,0.18169618011196487,3.286633536006106
3,52,4.9,1.5,1,0.991288647483358,0.5564383805587152,3.6595573502815886
3,53,4.0,1.3,1,1.8726450608945622,0.36587014020605463,2.7481557452226024
3,54,4.6,1.5,1,1.2460550479932202,0.2686373842936995,3.3792839478208987
3,55,4.5,1.3,1,1.4341546374407468,0.17211528508184554,3.215643015012705
3,56,4.7,1.6,1,1.11156646760222,0.40374930571739664,3.5096951434561947
3,57,3.3,1.0,1,2.63401196585891,1.1245925560493084,1.9866454137565663
3,58,4.6,1.3,1,1.3515914782554677,0.26225219490346724,3.3102809548435608
3,59,3.9,1.4,1,1.9260649919878332,0.45431633514078495,2.6973246004142695
3,60,3.5,1.0,1,2.4531651057945365,0.9396879811231381,2.173007132984151
3,61,4.2,1.5,1,1.6101717866828322,0.18856265470298025,3.011504607335011
3,62,4.0,1.0,1,2.0169330767995057,0.5279926265883702,2.6476329050682232
3,63,4.7,1.4,1,1.2123227100739689,0.34586655137322136,3.43749327272069
3,64,3.6,1.3,1,2.242052524829157,0.7597702218453105,2.38368622096114
3,65,4.4,1.4,1,1.469600746244058,0.046540780399139406,3.1565107318049783
3,66,4.5,1.5,1,1.3351603583949703,0.18169618011196487,3.286633536006106
3,67,4.1,1.0,1,1.9333957267688169,0.4668284011331869,2.7436399180650506
3,68,4.5,1.5,1,1.3351603583949703,0.18169618011196487,3.286633536006106
3,69,3.9,1.1,1,2.052058933256112,0.5397393691524105,2.583246020029838
3,70,4.8,1.8,1,0.9441576512607754,0.6046121688724396,3.6820048886442285
3,71,4.0,1.3,1,1.8726450608945622,0.36587014020605463,2.7481557452226024
3,72,4.9,1.5,1,0.991288647483358,0.5564383805587152,3.6595573502815886
3,73,4.7,1.2,1,1.335616971599458,0.39526426710535145,3.3756125370071723
3,74,4.3,1.3,1,1.6052412666302844,0.10638884628118783,3.027401526061582
3,75,4.4,1.4,1,1.469600746244058,0.046540780399139406,3.1565107318049783
3,76,4.8,1.4,1,1.1312499075629103,0.4458432613953992,3.5318493739116334
3,77,5.0,1.7,1,0.7990662307756293,0.7156577703345092,3.825122220269569
3,78,4.5,1.5,1,1.3351603583949703,0.18169618011196487,3.286633536006106
3,79,3.5,1.0,1,2.4531651057945365,0.9396879811231381,2.173007132984151
3,80,3.8,1.1,1,2.140314431469408,0.6262316218781679,2.4890881864650756
3,81,3.7,1.0,1,2.2755261009902568,0.7624425136448266,2.3616011517612367
3,82,3.9,1.2,1,2.0059592954056935,0.4929639965223418,2.6180068754684354
3,83,5.1,1.6,0,0.7717383053196719,0.774353712045603,3.8817985522177727
3,84,4.5,1.5,1,1.3351603583949703,0.18169618011196487,3.286633536006106
3,85,4.5,1.6,1,1.294441969304796,0.25437849186107875,3.326072759276321
3,86,4.7,1.5,1,1.1587291239238724,0.36237906481065163,3.4723421490400397
3,87,4.4,1.3,1,1.5188151711425582,0.10232853456354982,3.1213394560668983
3,88,4.1,1.3,1,1.7823578552279562,0.27021010689328334,2.8407675019261953
3,89,4.0,1.3,1,1.8726450608945622,0.36587014020605463,2.7481557452226024
3,90,4.4,1.2,1,1.5728549503449154,0.1969167685386045,3.089006312716114
3,91,4.6,1.4,1,1.2960425738999062,0.2459087818397779,3.34346526825089
3,92,4.0,1.2,1,1.916734904681528,0.40269845323785486,2.711376034414998
3,93,3.3,1.0,1,2.63401196585891,1.1245925560493084,1.9866454137565663
3,94,4.2,1.3,1,1.6931625805258037,0.17934894546709984,2.9338643458755893
3,95,4.2,1.2,1,1.7418015658577488,0.2459087818397779,2.8994413254970346
3,96,4.2,1.3,1,1.6931625805258037,0.17934894546709984,2.9338643458755893
3,97,4.3,1.3,1,1.6052412666302844,0.10638884628118783,3.027401526061582
3,98,3.0,1.1,1,2.874186122288571,1.3852601579692927,1.7591929968027953
3,99,4.1,1.3,1,1.7823578552279562,0.27021010689328334,2.8407675019261953
3,100,6.0,2.5,0,0.5117826445985785,1.9842506872879933,5.066947799217987
3,101,5.1,1.9,0,0.6279812892933654,0.9026119969962267,3.9963433285942784
3,102,5.9,2.1,0,0.20053468088872758,1.7003877753656793,4.809694376984883
3,103,5.6,1.8,0,0.3023800099779498,1.311021057699565,4.420176467065541
3,104,5.8,2.2,0,0.15212162077573418,1.6564603706380658,4.7577683844424365
3,105,6.6,2.1,0,0.900118968936409,2.3548644086705313,5.462266928666156
3,106,4.5,1.7,1,1.2603598062323198,0.3411793258328443,3.3680201899632367
3,107,6.3,1.8,0,0.6644047489552327,1.9881760511438256,5.081452548238544
3,108,5.8,1.8,0,0.30238000997795006,1.5023585785282583,4.607945312175481
3,109,6.1,2.5,0,0.5761262668133738,2.0679466464045326,5.1567004954718865
3,110,5.1,2.0,0,0.60604234915627,0.9624984843498476,4.03875723459581
3,111,5.3,1.9,0,0.440863357178341,1.073784662708161,4.179229594075922
3,112,5.5,2.1,0,0.2005346808887258,1.347111137628042,4.4432825703526895
3,113,5.0,2.0,0,0.7051860243728952,0.8872715424281752,3.9489188393786976
3,114,5.1,2.4,0,0.6774914361407244,1.2542659181340705,4.22785524823166
3,115,5.3,2.3,0,0.45394693167343736,1.311408846578453,4.353063289225186
3,116,5.5,1.8,0,0.3484733425016393,1.2163978261073987,4.326703132871494
3,117,6.7,2.2,0,1.0065490487340585,2.4811758988129666,5.590595674881166
3,118,6.9,2.3,0,1.2190438124922875,2.70300459504795,5.8129820230239835
3,119,5.0,1.5,1,0.9124983192474306,0.6548100592780218,3.753659547694756
3,120,5.7,2.3,0,0.2146341463414636,1.6237005057509082,4.70951802204854
3,121,4.9,2.0,0,0.8045416887712215,0.8173727715247139,3.8595802880624213
3,122,6.7,2.0,0,1.0036370504175562,2.4233951411897023,5.523871830518879
3,123,4.9,1.8,1,0.8493725157045425,0.6816952523829967,3.7728980903279115
3,124,5.7,2.1,0,0.014634146341463872,1.5208594615766708,4.625792905005583
3,125,6.0,1.8,0,0.41404549319400336,1.6956964301499289,4.796703034376842
3,126,4.8,1.8,1,0.9441576512607754,0.6046121688724396,3.6820048886442285
3,127,4.9,1.8,1,0.8493725157045425,0.6816952523829967,3.7728980903279115
3,128,5.6,2.1,0,0.1010651188053688,1.4331297776176442,4.534353316626308
3,129,5.8,1.6,0,0.4955603009702045,1.4607160805471318,4.544398750109853
3,130,6.1,1.9,0,0.4408633571783418,1.8183052111376488,4.924099917751467
3,131,6.4,2.0,0,0.705186024372897,2.134335115023696,5.240263352160844
3,132,5.6,2.2,0,0.1521216207757336,1.4851114014607238,4.576151221277549
3,133,5.1,1.5,1,0.8382441068265177,0.7536104803574373,3.8480592511030802
3,134,5.6,1.4,0,0.692622807421972,1.2457915366202872,4.295900371284231
3,135,6.1,2.3,0,0.45394693167343814,1.967997332789676,5.072470798338814
3,136,5.6,2.4,0,0.33014337195228005,1.6027930949617637,4.665057341555407
3,137,5.5,1.8,0,0.3484733425016393,1.2163978261073987,4.326703132871494
3,138,4.8,1.8,1,0.9441576512607754,0.6046121688724396,3.6820048886442285
3,139,5.4,2.1,0,0.3003567183186398,1.2631531477808369,4.352603818405714
3,140,5.6,2.4,0,0.33014337195228005,1.6027930949617637,4.665057341555407
3,141,5.1,2.3,0,0.6372345068934422,1.1753672099129129,4.177793676092681
3,142,5.1,1.9,0,0.6279812892933654,0.9026119969962267,3.9963433285942784
3,143,5.9,2.3,0,0.2933731698293647,1.7929607963147207,4.890271976076587
3,144,5.7,2.5,0,0.4146341463414638,1.7435002617964328,4.800120831812466
3,145,5.2,2.3,0,0.5441211416364263,1.2412254511213294,4.265156503576392
3,146,5.0,1.9,0,0.7241274057115619,0.8219220612373388,3.905529413536659
3,147,5.2,2.0,0,0.5072349839776923,1.041900127050878,4.129062847668948
3,148,5.4,2.3,0,0.3688737138584534,1.3852601579692931,4.4414817347367315
3,149,5.1,1.8,0,0.6644047489552318,0.8503020062702894,3.956003033365874
4,0,1.4,0.2,2,4.644558822201798,3.144551592737469,0.07720103626247529
4,1,1.4,0.2,2,4.644558822201798,3.144551592737469,0.07720103626247529
4,2,1.3,0.2,2,4.7362834795171525,3.2376122823488807,0.16840427548016718
4,3,1.5,0.2,2,4.5531826349750135,3.051929905479348,0.059665735560704994
4,4,1.4,0.2,2,4.644558822201798,3.144551592737469,0.07720103626247529
4,5,1.7,0.4,2,4.289905627080413,2.7927184154438454,0.2834783942384321
4,6,1.4,0.3,2,4.605245953177332,3.108799332671108,0.08221921916437812
4,7,1.5,0.2,2,4.5531826349750135,3.051929905479348,0.059665735560704994
4,8,1.4,0.2,2,4.644558822201798,3.144551592737469,0.07720103626247529
4,9,1.5,0.1,2,4.595117895231239,3.0915768754036526,0.15086417732516874
4,10,1.5,0.2,2,4.5531826349750135,3.051929905479348,0.059665735560704994
4,11,1.6,0.2,2,4.46217632573876,2.9597884344207124,0.14546477236774533
4,12,1.4,0.1,2,4.6856763670284485,3.183045106177288,0.15861904047118683
4,13,1.1,0.1,2,4.95952887408598,3.460283494490718,0.3903331910048133
4,14,1.2,0.2,2,4.828336747141985,3.3310751811156853,0.26600751869073197
4,15,1.5,0.4,2,4.474840710032624,2.981129532713452,0.15861904047118688
4,16,1.3,0.4,2,4.661020110563177,3.170960490714678,0.22351733713517632
4,17,1.4,0.3,2,4.605245953177332,3.108799332671108,0.08221921916437812
4,18,1.7,0.3,2,4.329772124822801,2.8289304651282277,0.2440491753725054
4,19,1.5,0.3,2,4.513073868640047,3.0150795544044526,0.06603029607687666
4,20,1.7,0.2,2,4.3715629946883885,2.8681734614737024,0.24240462041801075
4,21,1.5,0.4,2,4.474840710032624,2.981129532713452,0.15861904047118688
4,22,1.0,0.2,2,5.013356643478573,3.519079283719257,0.46428439560252305
4,23,1.7,0.5,2,4.25201762997519,2.759656630703855,0.3480804504708645
4,24,1.9,0.2,2,4.191617101503885,2.6867381454553585,0.4404089009091435
4,25,1.6,0.2,2,4.46217632573876,2.9597884344207124,0.14546477236774533
4,26,1.6,0.4,2,4.382207758049672,2.886729069273345,0.20678491240900532
4,27,1.5,0.2,2,4.5531826349750135,3.051929905479348,0.059665735560704994
4,28,1.4,0.2,2,4.644558822201798,3.144551592737469,0.07720103626247529
4,29,1.6,0.2,2,4.46217632573876,2.9597884344207124,0.14546477236774533
4,30,1.6,0.2,2,4.46217632573876,2.9597884344207124,0.14546477236774533
4,31,1.5,0.4,2,4.474840710032624,2.981129532713452,0.15861904047118688
4,32,1.5,0.1,2,4.595117895231239,3.0915768754036526,0.15086417732516874
4,33,1.4,0.2,2,4.644558822201798,3.144551592737469,0.07720103626247529
4,34,1.5,0.2,2,4.5531826349750135,3.051929905479348,0.059665735560704994
4,35,1.2,0.2,2,4.828336747141985,3.3310751811156853,0.26600751869073197
4,36,1.3,0.2,2,4.7362834795171525,3.2376122823488807,0.16840427548016718
4,37,1.4,0.1,2,4.6856763670284485,3.183045106177288,0.15861904047118683
4,38,1.3,0.2,2,4.7362834795171525,3.2376122823488807,0.16840427548016718
4,39,1.5,0.2,2,4.5531826349750135,3.051929905479348,0.059665735560704994
4,40,1.3,0.3,2,4.697738268008419,3.202898977839435,0.17076299364909264
4,41,1.3,0.3,2,4.697738268008419,3.202898977839435,0.17076299364909264
4,42,1.3,0.2,2,4.7362834795171525,3.2376122823488807,0.16840427548016718
4,43,1.6,0.6,2,4.310043167700064,2.8259621126697536,0.37994736477570157
4,44,1.9,0.4,2,4.106382982424691,2.606035112024019,0.4642843956025227
4,45,1.4,0.3,2,4.605245953177332,3.108799332671108,0.08221921916437812
4,46,1.6,0.2,2,4.46217632573876,2.9597884344207124,0.14546477236774533
4,47,1.4,0.2,2,4.644558822201798,3.144551592737469,0.07720103626247529
4,48,1.5,0.2,2,4.5531826349750135,3.051929905479348,0.059665735560704994
4,49,1.4,0.2,2,4.644558822201798,3.144551592737469,0.07720103626247529
4,50,4.7,1.4,1,1.1633100572316033,0.3817128755855051,3.43749327272069
4,51,4.5,1.5,1,1.2847423930613184,0.22358540577029942,3.286633536006106
4,52,4.9,1.5,1,0.9427326422219301,0.5952110112885884,3.6595573502815886
4,53,4.0,1.3,1,1.8221164812037614,0.32676619769979826,2.7481557452226024
4,54,4.6,1.5,1,1.1958714274847355,0.30993848138767444,3.3792839478208987
4,55,4.5,1.3,1,1.3848594671668495,0.19270000211812793,3.215643015012705
4,56,4.7,1.6,1,1.061139746679705,0.44560280771657873,3.5096951434561947
4,57,3.3,1.0,1,2.5834471893509425,1.0839697568075732,1.9866454137565663
4,58,4.6,1.3,1,1.3028358293918332,0.2884522826877175,3.3102809548435608
4,59,3.9,1.4,1,1.8753470753150092,0.4208720599140867,2.6973246004142695
4,60,3.5,1.0,1,2.4027672149536654,0.8984059721619878,2.173007132984151
4,61,4.2,1.5,1,1.5594635785719906,0.17825865465436364,3.011504607335011
4,62,4.0,1.0,1,1.9674901682050328,0.48732990229768297,2.6476329050682232
4,63,4.7,1.4,1,1.1633100572316033,0.3817128755855051,3.43749327272069
4,64,3.6,1.3,1,2.1913298822615817,0.7228349975433324,2.38368622096114
4,65,4.4,1.4,1,1.419385051922075,0.0865472915432335,3.1565107318049783
4,66,4.5,1.5,1,1.2847423930613184,0.22358540577029942,3.286633536006106
4,67,4.1,1.0,1,1.88429377129176,0.42844120045217166,2.7436399180650506
4,68,4.5,1.5,1,1.2847423930613184,0.22358540577029942,3.286633536006106
4,69,3.9,1.1,1,2.001957977531409,0.4978429235518088,2.583246020029838
4,70,4.8,1.8,1,0.893470922445827,0.6461349964778796,3.6820048886442285
4,71,4.0,1.3,1,1.8221164812037614,0.32676619769979826,2.7481557452226024
4,72,4.9,1.5,1,0.9427326422219301,0.5952110112885884,3.6595573502815886
4,73,4.7,1.2,1,1.2886283469367432,0.4157494155505361,3.3756125370071723
4,74,4.3,1.3,1,1.5552314408829129,0.07064300158875868,3.027401526061582
4,75,4.4,1.4,1,1.419385051922075,0.0865472915432335,3.1565107318049783
4,76,4.8,1.4,1,1.082975412371699,0.48143135331964365,3.5318493739116334
4,77,5.0,1.7,0,0.7490110559821329,0.7571028459778468,3.825122220269569
4,78,4.5,1.5,1,1.2847423930613184,0.22358540577029942,3.286633536006106
4,79,3.5,1.0,1,2.4027672149536654,0.8984059721619878,2.173007132984151
4,80,3.8,1.1,1,2.09004552324972,0.5846162399037369,2.4890881864650756
4,81,3.7,1.0,1,2.225394616320239,0.7206081792202912,2.3616011517612367
4,82,3.9,1.2,1,1.955556028388163,0.45196918917021733,2.6180068754684354
4,83,5.1,1.6,0,0.7240161463429448,0.8141545163730358,3.8817985522177727
4,84,4.5,1.5,1,1.2847423930613184,0.22358540577029942,3.286633536006106
4,85,4.5,1.6,1,1.2437550614540467,0.29397109569146584,3.326072759276321
4,86,4.7,1.5,1,1.1088976172847664,0.4026577837523158,3.4723421490400397
4,87,4.4,1.3,1,1.4691120751175504,0.10517538801876601,3.1213394560668983
4,88,4.1,1.3,1,1.7319509016192787,0.22988600768775022,2.8407675019261953
4,89,4.0,1.3,1,1.8221164812037614,0.32676619769979826,2.7481557452226024
4,90,4.4,1.2,1,1.5237869447178496,0.1861002171313256,3.089006312716114
4,91,4.6,1.4,1,1.2464930143048305,0.2821937115109519,3.34346526825089
4,92,4.0,1.2,1,1.866479261794982,0.36103680772271984,2.711376034414998
4,93,3.3,1.0,1,2.5834471893509425,1.0839697568075732,1.9866454137565663
4,94,4.2,1.3,1,1.6429240335953716,0.13754637436894052,2.9338643458755893
4,95,4.2,1.2,1,1.6919916500389858,0.2061320782252711,2.8994413254970346
4,96,4.2,1.3,1,1.6429240335953716,0.13754637436894052,2.9338643458755893
4,97,4.3,1.3,1,1.5552314408829129,0.07064300158875868,3.027401526061582
4,98,3.0,1.1,1,2.823460049813448,1.3465529025581413,1.7591929968027953
4,99,4.1,1.3,1,1.7319509016192787,0.22988600768775022,2.8407675019261953
4,100,6.0,2.5,0,0.5544196951291578,2.0261657327401954,5.066947799217987
4,101,5.1,1.9,0,0.5773129907218422,0.9445280783631189,3.9963433285942784
4,102,5.9,2.1,0,0.2497622836761148,1.7417123362498468,4.809694376984883
4,103,5.6,1.8,0,0.27322870570244717,1.3513185643085412,4.420176467065541
4,104,5.8,2.2,0,0.19798833340702063,1.6982105302647377,4.7577683844424365
4,105,6.6,2.1,0,0.9482612404634548,2.395007695654629,5.462266928666156
4,106,4.5,1.7,1,1.2096653625098952,0.3779518177368808,3.3680201899632367
4,107,6.3,1.8,0,0.7010507167373964,2.0269587717180872,5.081452548238544
4,108,5.8,1.8,0,0.3061777828496767,1.5421428984979813,4.607945312175481
4,109,6.1,2.5,0,0.6220342859461708,2.109838620630033,5.1567004954718865
4,110,5.1,2.0,0,0.5564655655292915,1.004271806955118,4.03875723459581
4,111,5.3,1.9,0,0.3903603442296706,1.115471267204666,4.179229594075922
4,112,5.5,2.1,0,0.15556149962406837,1.388983854463105,4.4432825703526895
4,113,5.0,2.0,0,0.6558265556337125,0.9287036306989812,3.9489188393786976
4,114,5.1,2.4,0,0.6442891207170736,1.293938231894855,4.22785524823166
4,115,5.3,2.3,0,0.42170575500181695,1.352771390026219,4.353063289225186
4,116,5.5,1.8,0,0.30839661326671497,1.2569767037115165,4.326703132871494
4,117,6.7,2.2,0,1.0559869653903795,2.521618897106559,5.590595674881166
4,118,6.9,2.3,0,1.2690795942449506,2.7435621536273476,5.8129820230239835
4,119,5.0,1.5,1,0.8650377386312096,0.6930711193886326,3.753659547694756
4,120,5.7,2.3,0,0.23668029487786096,1.665615846454153,4.70951802204854
4,121,4.9,2.0,0,0.7553562183029434,0.8581485915050153,3.8595802880624213
4,122,6.7,2.0,0,1.0499434262602483,2.462865144377125,5.523871830518879
4,123,4.9,1.8,1,0.7986461943825006,0.7235757474134265,3.7728980903279115
4,124,5.7,2.1,0,0.057361043018746324,1.5625040816273223,4.625792905005583
4,125,6.0,1.8,0,0.4391306682545109,1.7350353242889933,4.796703034376842
4,126,4.8,1.8,1,0.893470922445827,0.6461349964778796,3.6820048886442285
4,127,4.9,1.8,1,0.7986461943825006,0.7235757474134265,3.7728980903279115
4,128,5.6,2.1,0,0.061195054626528245,1.474905955147857,4.534353316626308
4,129,5.8,1.6,0,0.4909353949181816,1.4984483896786742,4.544398750109853
4,130,6.1,1.9,0,0.47827276183235035,1.85818394582738,4.924099917751467
4,131,6.4,2.0,0,0.7508294311697867,2.174279290632524,5.240263352160844
4,132,5.6,2.2,0,0.14180434081642296,1.5270154380225445,4.576151221277549
4,133,5.1,1.5,1,0.7923608671569111,0.791466363847536,3.8480592511030802
4,134,5.6,1.4,0,0.670223380795753,1.2807605461328873,4.295900371284231
4,135,6.1,2.3,0,0.5041818919450496,2.009617342243268,5.072470798338814
4,136,5.6,2.4,0,0.33591032107045027,1.6445769336873013,4.665057341555407
4,137,5.5,1.8,0,0.30839661326671497,1.2569767037115165,4.326703132871494
4,138,4.8,1.8,1,0.893470922445827,0.6461349964778796,3.6820048886442285
4,139,5.4,2.1,0,0.25427136217009205,1.3050688561864299,4.352603818405714
4,140,5.6,2.4,0,0.33591032107045027,1.6445769336873013,4.665057341555407
4,141,5.1,2.3,0,0.598953115619865,1.2156675435869018,4.177793676092681
4,142,5.1,1.9,0,0.5773129907218422,0.9445280783631189,3.9963433285942784
4,143,5.9,2.3,0,0.3392763933349634,1.8347803697178695,4.890271976076587
4,144,5.7,2.5,0,0.43444773530396513,1.7852544050684562,4.800120831812466
4,145,5.2,2.3,0,0.5082226768417536,1.2821540488966374,4.265156503576392
4,146,5.0,1.9,0,0.6736058452171735,0.8637487263347472,3.905529413536659
4,147,5.2,2.0,0,0.4573831874536802,1.0838050059011202,4.129062847668948
4,148,5.4,2.3,0,0.34260939617457503,1.4269063957544303,4.4414817347367315
4,149,5.1,1.8,0,0.6139435258169609,0.8920228244769047,3.956003033365874
5,0,1.4,0.2,2,4.627997460438709,3.1308235655090995,0.07720103626247529
5,1,1.4,0.2,2,4.627997460438709,3.1308235655090995,0.07720103626247529
5,2,1.3,0.2,2,4.719736862303099,3.2238968258617793,0.16840427548016718
5,3,1.5,0.2,2,4.536607205640752,3.03819052281001,0.059665735560704994
5,4,1.4,0.2,2,4.627997460438709,3.1308235655090995,0.07720103626247529
5,5,1.7,0.4,2,4.273370312430281,2.7790223621367636,0.2834783942384321
5,6,1.4,0.3,2,4.588721008497591,3.0951078433527113,0.08221921916437812
5,7,1.5,0.2,2,4.536607205640752,3.03819052281001,0.059665735560704994
5,8,1.4,0.2,2,4.627997460438709,3.1308235655090995,0.07720103626247529
5,9,1.5,0.1,2,4.578515582399124,3.0778182677435977,0.15086417732516874
5,10,1.5,0.2,2,4.536607205640752,3.03819052281001,0.059665735560704994
5,11,1.6,0.2,2,4.445587630754345,2.9460392236760895,0.14546477236774533
5,12,1.4,0.1,2,4.669085616459302,3.1692932705432524,0.15861904047118683
5,13,1.1,0.1,2,4.942977560185137,3.4465611079849405,0.3903331910048133
5,14,1.2,0.2,2,4.811805441301451,3.317373251422908,0.26600751869073197
5,15,1.5,0.4,2,4.458341052260537,2.967469356230202,0.15861904047118688
5,16,1.3,0.4,2,4.644557680703588,3.1573380356044205,0.22351733713517632
5,17,1.4,0.3,2,4.588721008497591,3.0951078433527113,0.08221921916437812
5,18,1.7,0.3,2,4.313199952142316,2.815196072322465,0.2440491753725054
5,19,1.5,0.3,2,4.4965325461150165,3.0013726887091057,0.06603029607687666
5,20,1.7,0.2,2,4.354961977694005,2.8544163259733977,0.24240462041801075
5,21,1.5,0.4,2,4.458341052260537,2.967469356230202,0.15861904047118688
5,22,1.0,0.2,2,4.996857283938512,3.5054064500661393,0.46428439560252305
5,23,1.7,0.5,2,4.235527573651301,2.7460155958939056,0.3480804504708645
5,24,1.9,0.2,2,4.174994936050746,2.6729727778401298,0.4404089009091435
5,25,1.6,0.2,2,4.445587630754345,2.9460392236760895,0.14546477236774533
5,26,1.6,0.4,2,4.365690023663618,2.873050614714392,0.20678491240900532
5,27,1.5,0.2,2,4.536607205640752,3.03819052281001,0.059665735560704994
5,28,1.4,0.2,2,4.627997460438709,3.1308235655090995,0.07720103626247529
5,29,1.6,0.2,2,4.445587630754345,2.9460392236760895,0.14546477236774533
5,30,1.6,0.2,2,4.445587630754345,2.9460392236760895,0.14546477236774533
5,31,1.5,0.4,2,4.458341052260537,2.967469356230202,0.15861904047118688
5,32,1.5,0.1,2,4.578515582399124,3.0778182677435977,0.15086417732516874
5,33,1.4,0.2,2,4.627997460438709,3.1308235655090995,0.07720103626247529
5,34,1.5,0.2,2,4.536607205640752,3.03819052281001,0.059665735560704994
5,35,1.2,0.2,2,4.811805441301451,3.317373251422908,0.26600751869073197
5,36,1.3,0.2,2,4.719736862303099,3.2238968258617793,0.16840427548016718
5,37,1.4,0.1,2,4.669085616459302,3.1692932705432524,0.15861904047118683
5,38,1.3,0.2,2,4.719736862303099,3.2238968258617793,0.16840427548016718
5,39,1.5,0.2,2,4.536607205640752,3.03819052281001,0.059665735560704994
5,40,1.3,0.3,2,4.681230185472907,3.189223590066714,0.17076299364909264
5,41,1.3,0.3,2,4.681230185472907,3.189223590066714,0.17076299364909264
5,42,1.3,0.2,2,4.719736862303099,3.2238968258617793,0.16840427548016718
5,43,1.6,0.6,2,4.293628929322612,2.812417565366756,0.37994736477570157
5,44,1.9,0.4,2,4.089814508758236,2.592307118832008,0.4642843956025227
5,45,1.4,0.3,2,4.588721008497591,3.0951078433527113,0.08221921916437812
5,46,1.6,0.2,2,4.445587630754345,2.9460392236760895,0.14546477236774533
5,47,1.4,0.2,2,4.627997460438709,3.1308235655090995,0.07720103626247529
5,48,1.5,0.2,2,4.536607205640752,3.03819052281001,0.059665735560704994
5,49,1.4,0.2,2,4.627997460438709,3.1308235655090995,0.07720103626247529
5,50,4.7,1.4,1,1.1467463365949,0.3945789679943306,3.43749327272069
5,51,4.5,1.5,1,1.2681239180793549,0.23714555979171448,3.286633536006106
5,52,4.9,1.5,1,0.9262375771813152,0.6086212571959214,3.6595573502815886
5,53,4.0,1.3,1,1.8055237604038088,0.3134294442596703,2.7481557452226024
5,54,4.6,1.5,1,1.1792297130115827,0.3237027511072155,3.3792839478208987
5,55,4.5,1.3,1,1.3682610392775694,0.2023988370920104,3.215643015012705
5,56,4.7,1.6,1,1.0445224557154449,0.4593095788857429,3.5096951434561947
5,57,3.3,1.0,1,2.5668667550676636,1.0702853562492824,1.9866454137565663
5,58,4.6,1.3,1,1.2863058407895764,0.2991834617783083,3.3102809548435608
5,59,3.9,1.4,1,1.8588898851030058,0.4090585845815182,2.6973246004142695
5,60,3.5,1.0,1,2.3861462292073568,0.8846477563937876,2.173007132984151
5,61,4.2,1.5,1,1.5429857219921381,0.17493328126049124,3.011504607335011
5,62,4.0,1.0,1,1.9508757134637538,0.4746882404482279,2.6476329050682232
5,63,4.7,1.4,1,1.1467463365949,0.3945789679943306,3.43749327272069
5,64,3.6,1.3,1,2.1748881055366804,0.7099691530954761,2.38368622096114
5,65,4.4,1.4,1,1.4027451041299301,0.10028059805918328,3.1565107318049783
5,66,4.5,1.5,1,1.2681239180793549,0.23714555979171448,3.286633536006106
5,67,4.1,1.0,1,1.8677153139135407,0.41698246985369686,2.7436399180650506
5,68,4.5,1.5,1,1.2681239180793549,0.23714555979171448,3.286633536006106
5,69,3.9,1.1,1,1.9853139814493488,0.48416922115180333,2.583246020029838
5,70,4.8,1.8,1,0.8771953060398061,0.6593811273265107,3.6820048886442285
5,71,4.0,1.3,1,1.8055237604038088,0.3134294442596703,2.7481557452226024
5,72,4.9,1.5,1,0.9262375771813152,0.6086212571959214,3.6595573502815886
5,73,4.7,1.2,1,1.2724099812929097,0.4247585604914203,3.3756125370071723
5,74,4.3,1.3,1,1.5385868135129863,0.06224451915863117,3.027401526061582
5,75,4.4,1.4,1,1.4027451041299301,0.10028059805918328,3.1565107318049783
5,76,4.8,1.4,1,1.0665231384917389,0.4942044278726418,3.5318493739116334
5,77,5.0,1.7,0,0.7323663658491959,0.7708683522683529,3.825122220269569
5,78,4.5,1.5,1,1.2681239180793549,0.23714555979171448,3.286633536006106
5,79,3.5,1.0,1,2.3861462292073568,0.8846477563937876,2.173007132984151
5,80,3.8,1.1,1,2.0734095496292624,0.5708540795731335,2.4890881864650756
5,81,3.7,1.0,1,2.208751392993194,0.7068893562527808,2.3616011517612367
5,82,3.9,1.2,1,1.9389356887061173,0.4382421686089868,2.6180068754684354
5,83,5.1,1.6,0,0.7076757296047415,0.8277361339448795,3.8817985522177727
5,84,4.5,1.5,1,1.2681239180793549,0.23714555979171448,3.286633536006106
5,85,4.5,1.6,1,1.2272482518239471,0.30638926248367354,3.326072759276321
5,86,4.7,1.5,1,1.0922578269318208,0.41632790636688616,3.4723421490400397
5,87,4.4,1.3,1,1.4524785117723733,0.1114443121507049,3.1213394560668983
5,88,4.1,1.3,1,1.7153310158179838,0.21629487066128125,2.8407675019261953
5,89,4.0,1.3,1,1.8055237604038088,0.3134294442596703,2.7481557452226024
5,90,4.4,1.2,1,1.5072139287972655,0.1865032736291244,3.089006312716114
5,91,4.6,1.4,1,1.2298710160213466,0.2952068892116445,3.34346526825089
5,92,4.0,1.2,1,1.8498421687762203,0.34727748687837806,2.711376034414998
5,93,3.3,1.0,1,2.5668667550676636,1.0702853562492824,1.9866454137565663
5,94,4.2,1.3,1,1.6262856262881988,0.12381003844533238,2.9338643458755893
5,95,4.2,1.2,1,1.6753521833547713,0.19414572357760285,2.8994413254970346
5,96,4.2,1.3,1,1.6262856262881988,0.12381003844533238,2.9338643458755893
5,97,4.3,1.3,1,1.5385868135129863,0.06224451915863117,3.027401526061582
5,98,3.0,1.1,1,2.8070396514723948,1.3332331918316667,1.7591929968027953
5,99,4.1,1.3,1,1.7153310158179838,0.21629487066128125,2.8407675019261953
5,100,6.0,2.5,0,0.5699166064185236,2.039799860543769,5.066947799217987
5,101,5.1,1.9,0,0.5610748063062567,0.9581524922198484,3.9963433285942784
5,102,5.9,2.1,0,0.26525552553558907,1.7554750245968958,4.809694376984883
5,103,5.6,1.8,0,0.26273020476113296,1.364971467627809,4.420176467065541
5,104,5.8,2.2,0,0.21428030563427114,1.7119531159101233,4.7577683844424365
5,105,6.6,2.1,0,0.9630532721185645,2.408632546446562,5.462266928666156
5,106,4.5,1.7,1,1.1933726457418632,0.3892438102290813,3.3680201899632367
5,107,6.3,1.8,0,0.7114339544925726,2.040334602278802,5.081452548238544
5,108,5.8,1.8,0,0.30645725539252006,1.5557114181392784,4.607945312175481
5,109,6.1,2.5,0,0.638160937942813,2.123518053989613,5.1567004954718865
5,110,5.1,2.0,0,0.5411145334137715,1.0176898161932595,4.03875723459581
5,111,5.3,1.9,0,0.3737563740733966,1.1292241174532254,4.179229594075922
5,112,5.5,2.1,0,0.14346677681394507,1.4026798436570096,4.4432825703526895
5,113,5.0,2.0,0,0.6405938602790058,0.9418848695238801,3.9489188393786976
5,114,5.1,2.4,0,0.6362428296425853,1.3062304607261788,4.22785524823166
5,115,5.3,2.3,0,0.4143595385175693,1.3659035697967374,4.353063289225186
5,116,5.5,1.8,0,0.2942494112982761,1.2706697654751062,4.326703132871494
5,117,6.7,2.2,0,1.071408441903796,2.5352894434331303,5.590595674881166
5,118,6.9,2.3,0,1.2848365414602785,2.7572485986415414,5.8129820230239835
5,119,5.0,1.5,1,0.848740533866009,0.7063747512873022,3.753659547694756
5,120,5.7,2.3,0,0.2479346787730025,1.6792481591966357,4.70951802204854
5,121,4.9,2.0,0,0.7402135160767556,0.8709774123894158,3.8595802880624213
5,122,6.7,2.0,0,1.0639154333793264,2.476372313427596,5.523871830518879
5,123,4.9,1.8,1,0.7822506307972612,0.73710848972172,3.7728980903279115
5,124,5.7,2.1,0,0.07397029767597167,1.5762619239493678,4.625792905005583
5,125,6.0,1.8,0,0.445875473951647,1.7485219259762899,4.796703034376842
5,126,4.8,1.8,1,0.8771953060398061,0.6593811273265107,3.6820048886442285
5,127,4.9,1.8,1,0.7822506307972612,0.73710848972172,3.7728980903279115
5,128,5.6,2.1,0,0.05501963734728818,1.4886424010980965,4.534353316626308
5,129,5.8,1.6,0,0.487766388123163,1.5116101644459121,4.544398750109853
5,130,6.1,1.9,0,0.48913125305591587,1.8717667439618781,4.924099917751467
5,131,6.4,2.0,0,0.7645800913242415,2.18787190463116,5.240263352160844
5,132,5.6,2.2,0,0.14500744978733757,1.540679253440985,4.576151221277549
5,133,5.1,1.5,0,0.7764051379734701,0.8046805228173799,3.8480592511030802
5,134,5.6,1.4,0,0.6610802980681142,1.2932910163194362,4.295900371284231
5,135,6.1,2.3,0,0.520816073788099,2.0233774236031956,5.072470798338814
5,136,5.6,2.4,0,0.342092327440747,1.6580003887985664,4.665057341555407
5,137,5.5,1.8,0,0.2942494112982761,1.2706697654751062,4.326703132871494
5,138,4.8,1.8,1,0.8771953060398061,0.6593811273265107,3.6820048886442285
5,139,5.4,2.1,0,0.24111879148033527,1.318698331407225,4.352603818405714
5,140,5.6,2.4,0,0.342092327440747,1.6580003887985664,4.665057341555407
5,141,5.1,2.3,0,0.5889014673709039,1.2282514615877977,4.177793676092681
5,142,5.1,1.9,0,0.5610748063062567,0.9581524922198484,3.9963433285942784
5,143,5.9,2.3,0,0.3554722124543093,1.8485035269796481,4.890271976076587
5,144,5.7,2.5,0,0.4443777727770283,1.7986514691395932,4.800120831812466
5,145,5.2,2.3,0,0.49924881844231533,1.2950471448708023,4.265156503576392
5,146,5.0,1.9,0,0.6575412487647893,0.877217614849162,3.905529413536659
5,147,5.2,2.0,0,0.4418703234163252,1.0973777911589635,4.129062847668948
5,148,5.4,2.3,0,0.33784356084575223,1.4402215164789498,4.4414817347367315
5,149,5.1,1.8,0,0.5973315145474943,0.9057702990884295,3.956003033365874
6,0,1.4,0.2,2,4.61240416829664,3.1162435618705837,0.07720103626247529
6,1,1.4,0.2,2,4.61240416829664,3.1162435618705837,0.07720103626247529
6,2,1.3,0.2,2,4.704199145765894,3.209282233680669,0.16840427548016718
6,3,1.5,0.2,2,4.520957290266727,3.0236493544029446,0.059665735560704994
6,4,1.4,0.2,2,4.61240416829664,3.1162435618705837,0.07720103626247529
6,5,1.7,0.4,2,4.257873835968437,2.7643651491148202,0.2834783942384321
6,6,1.4,0.3,2,4.573259996362433,3.080441865227781,0.08221921916437812
6,7,1.5,0.2,2,4.520957290266727,3.0236493544029446,0.059665735560704994
6,8,1.4,0.2,2,4.61240416829664,3.1162435618705837,0.07720103626247529
6,9,1.5,0.1,2,4.562742600433118,3.063381672308104,0.15086417732516874
6,10,1.5,0.2,2,4.520957290266727,3.0236493544029446,0.059665735560704994
6,11,1.6,0.2,2,4.429880069382412,2.9315417274640363,0.14546477236774533
6,12,1.4,0.1,2,4.65336839602363,3.1548099449494127,0.15861904047118683
6,13,1.1,0.1,2,4.927422206694344,3.4319646478813373,0.3903331910048133
6,14,1.2,0.2,2,4.796322236289896,3.302727808030341,0.26600751869073197
6,15,1.5,0.4,2,4.442963468860988,2.9527532431067858,0.15861904047118688
6,16,1.3,0.4,2,4.629293592789504,3.142576769422615,0.22351733713517632
6,17,1.4,0.3,2,4.573259996362433,3.080441865227781,0.08221921916437812
6,18,1.7,0.3,2,4.297563823890911,2.800636807851467,0.2440491753725054
6,19,1.5,0.3,2,4.481014349790074,2.986737947415121,0.06603029607687666
6,20,1.7,0.2,2,4.339195782378018,2.839968024704558,0.24240462041801075
6,21,1.5,0.4,2,4.442963468860988,2.9527532431067858,0.15861904047118688
6,22,1.0,0.2,2,4.981479878202622,3.4907088121145162,0.46428439560252305
6,23,1.7,0.5,2,4.220180610546575,2.7312749451105707,0.3480804504708645
6,24,1.9,0.2,2,4.159108709230678,2.658642763574541,0.4404089009091435
6,25,1.6,0.2,2,4.429880069382412,2.9315417274640363,0.14546477236774533
6,26,1.6,0.4,2,4.350253670112688,2.858361977804617,0.20678491240900532
6,27,1.5,0.2,2,4.520957290266727,3.0236493544029446,0.059665735560704994
6,28,1.4,0.2,2,4.61240416829664,3.1162435618705837,0.07720103626247529
6,29,1.6,0.2,2,4.429880069382412,2.9315417274640363,0.14546477236774533
6,30,1.6,0.2,2,4.429880069382412,2.9315417274640363,0.14546477236774533
6,31,1.5,0.4,2,4.442963468860988,2.9527532431067858,0.15861904047118688
6,32,1.5,0.1,2,4.562742600433118,3.063381672308104,0.15086417732516874
6,33,1.4,0.2,2,4.61240416829664,3.1162435618705837,0.07720103626247529
6,34,1.5,0.2,2,4.520957290266727,3.0236493544029446,0.059665735560704994
6,35,1.2,0.2,2,4.796322236289896,3.302727808030341,0.26600751869073197
6,36,1.3,0.2,2,4.704199145765894,3.209282233680669,0.16840427548016718
6,37,1.4,0.1,2,4.65336839602363,3.1548099449494127,0.15861904047118683
6,38,1.3,0.2,2,4.704199145765894,3.209282233680669,0.16840427548016718
6,39,1.5,0.2,2,4.520957290266727,3.0236493544029446,0.059665735560704994
6,40,1.3,0.3,2,4.665825155921862,3.1745299815195525,0.17076299364909264
6,41,1.3,0.3,2,4.665825155921862,3.1745299815195525,0.17076299364909264
6,42,1.3,0.2,2,4.704199145765894,3.209282233680669,0.16840427548016718
6,43,1.6,0.6,2,4.278501672261716,2.797593518089327,0.37994736477570157
6,44,1.9,0.4,2,4.0741937632390375,2.5777272238550704,0.4642843956025227
6,45,1.4,0.3,2,4.573259996362433,3.080441865227781,0.08221921916437812
6,46,1.6,0.2,2,4.429880069382412,2.9315417274640363,0.14546477236774533
6,47,1.4,0.2,2,4.61240416829664,3.1162435618705837,0.07720103626247529
6,48,1.5,0.2,2,4.520957290266727,3.0236493544029446,0.059665735560704994
6,49,1.4,0.2,2,4.61240416829664,3.1162435618705837,0.07720103626247529
6,50,4.7,1.4,1,1.1301839186526652,0.4094393771567771,3.43749327272069
6,51,4.5,1.5,1,1.252272037218146,0.2506507306027946,3.286633536006106
6,52,4.9,1.5,1,0.9095689583429585,0.6234995707116734,3.6595573502815886
6,53,4.0,1.3,1,1.789805197920386,0.2985332226872095,2.7481557452226024
6,54,4.6,1.5,1,1.1631714679677019,0.3380935820644869,3.3792839478208987
6,55,4.5,1.3,1,1.3517824122176965,0.21570695968238549,3.215643015012705
6,56,4.7,1.6,1,1.0286813185814572,0.4732197162659498,3.5096951434561947
6,57,3.3,1.0,1,2.551199725189539,1.0556075360820405,1.9866454137565663
6,58,4.6,1.3,1,1.2696843303265373,0.3130670438370981,3.3102809548435608
6,59,3.9,1.4,1,1.8436525758439077,0.3947008382492718,2.6973246004142695
6,60,3.5,1.0,1,2.3702711353763903,0.8702127516855629,2.173007132984151
6,61,4.2,1.5,1,1.5276902268167876,0.16846763578583965,3.011504607335011
6,62,4.0,1.0,1,1.9344503867188596,0.46333318530358514,2.6476329050682232
6,63,4.7,1.4,1,1.1301839186526652,0.4094393771567771,3.43749327272069
6,64,3.6,1.3,1,2.159692619730924,0.6951231251527208,2.38368622096114
6,65,4.4,1.4,1,1.3867111681580042,0.11487453643904341,3.1565107318049783
6,66,4.5,1.5,1,1.252272037218146,0.2506507306027946,3.286633536006106
6,67,4.1,1.0,1,1.8511836503633017,0.4076262038743927,2.7436399180650506
6,68,4.5,1.5,1,1.252272037218146,0.2506507306027946,3.286633536006106
6,69,3.9,1.1,1,1.9692004653132165,0.47047242987260496,2.583246020029838
6,70,4.8,1.8,1,0.8624601029100012,0.6720972233543325,3.6820048886442285
6,71,4.0,1.3,1,1.789805197920386,0.2985332226872095,2.7481557452226024
6,72,4.9,1.5,1,0.9095689583429585,0.6234995707116734,3.6595573502815886
6,73,4.7,1.2,1,1.2555660575070127,0.4374292025805241,3.3756125370071723
6,74,4.3,1.3,1,1.5224159985331833,0.05972042776517404,3.027401526061582
6,75,4.4,1.4,1,1.3867111681580042,0.11487453643904341,3.1565107318049783
6,76,4.8,1.4,1,1.0498086962283877,0.5090403569934417,3.5318493739116334
6,77,5.0,1.7,0,0.7162177489382252,0.7851939202868412,3.825122220269569
6,78,4.5,1.5,1,1.252272037218146,0.2506507306027946,3.286633536006106
6,79,3.5,1.0,1,2.3702711353763903,0.8702127516855629,2.173007132984151
6,80,3.8,1.1,1,2.0574177660101354,0.5566532365743971,2.4890881864650756
6,81,3.7,1.0,1,2.1926583118647986,0.6929885974235953,2.3616011517612367
6,82,3.9,1.2,1,1.9230666278625097,0.42366549944311194,2.6180068754684354
6,83,5.1,1.6,0,0.6908803731335083,0.8425335754667295,3.8817985522177727
6,84,4.5,1.5,1,1.252272037218146,0.2506507306027946,3.286633536006106
6,85,4.5,1.6,1,1.2118663448611737,0.317763964130395,3.326072759276321
6,86,4.7,1.5,1,1.0759881377551475,0.4310321933622566,3.4723421490400397
6,87,4.4,1.3,1,1.4361521790135754,0.122670334530957,3.1213394560668983
6,88,4.1,1.3,1,1.6994661677122276,0.20150326679608102,2.8407675019261953
6,89,4.0,1.3,1,1.789805197920386,0.2985332226872095,2.7481557452226024
6,90,4.4,1.2,1,1.4906704191996114,0.19209337007244343,3.089006312716114
6,91,4.6,1.4,1,1.2134797407808022,0.3100953435397696,3.34346526825089
6,92,4.0,1.2,1,1.8338396505404002,0.33312750847064976,2.711376034414998
6,93,3.3,1.0,1,2.551199725189539,1.0556075360820405,1.9866454137565663
6,94,4.2,1.3,1,1.6102695003924457,0.10993201540485778,2.9338643458755893
6,95,4.2,1.2,1,1.6590759721258823,0.1842197054140129,2.8994413254970346
6,96,4.2,1.3,1,1.6102695003924457,0.10993201540485778,2.9338643458755893
6,97,4.3,1.3,1,1.5224159985331833,0.05972042776517404,3.027401526061582
6,98,3.0,1.1,1,2.791900247918775,1.318336441860309,1.7591929968027953
6,99,4.1,1.3,1,1.6994661677122276,0.20150326679608102,2.8407675019261953
6,100,6.0,2.5,0,0.5867471446204299,2.0534189763551467,5.066947799217987
6,101,5.1,1.9,0,0.5464613781477907,0.9717547376952662,3.9963433285942784
6,102,5.9,2.1,0,0.27883771730128765,1.7698744075163484,4.809694376984883
6,103,5.6,1.8,0,0.24919530227664505,1.3796979848838131,4.420176467065541
6,104,5.8,2.2,0,0.23109012636379747,1.7260133501940276,4.7577683844424365
6,105,6.6,2.1,0,0.975309557760693,2.423391381669852,5.462266928666156
6,106,4.5,1.7,1,1.1785816986598243,0.3989010968247782,3.3680201899632367
6,107,6.3,1.8,0,0.7180366004225096,2.0552218614696622,5.081452548238544
6,108,5.8,1.8,0,0.3027598323226731,1.5705188609040701,4.607945312175481
6,109,6.1,2.5,0,0.6550227632806966,2.1372905684386714,5.1567004954718865
6,110,5.1,2.0,0,0.5282563964741728,1.0307547809160742,4.03875723459581
6,111,5.3,1.9,0,0.3580296848006981,1.1433591881802319,4.179229594075922
6,112,5.5,2.1,0,0.13645525936065322,1.4165202054525796,4.4432825703526895
6,113,5.0,2.0,0,0.6279109902846307,0.9544495465449513,3.9489188393786976
6,114,5.1,2.4,0,0.6330828941384066,1.3172122118223535,4.22785524823166
6,115,5.3,2.3,0,0.41221885647465206,1.3783551159946958,4.353063289225186
6,116,5.5,1.8,0,0.2780569905272948,1.2853346054669865,4.326703132871494
6,117,6.7,2.2,0,1.084641011931463,2.549991258491163,5.590595674881166
6,118,6.9,2.3,0,1.298632405557365,2.7719246976590934,5.8129820230239835
6,119,5.0,1.5,1,0.8319244549096675,0.7212719294129794,3.753659547694756
6,120,5.7,2.3,0,0.2627828388915059,1.6928640677014437,4.70951802204854
6,121,4.9,2.0,0,0.7276603624113195,0.8828886993377942,3.8595802880624213
6,122,6.7,2.0,0,1.0749774693203185,2.4912163940703844,5.523871830518879
6,123,4.9,1.8,1,0.7672157700459379,0.7504639625738772,3.7728980903279115
6,124,5.7,2.1,0,0.09047240020297843,1.590437818783992,4.625792905005583
6,125,6.0,1.8,0,0.4485852577374316,1.7633753019191296,4.796703034376842
6,126,4.8,1.8,1,0.8624601029100012,0.6720972233543325,3.6820048886442285
6,127,4.9,1.8,1,0.7672157700459379,0.7504639625738772,3.7728980903279115
6,128,5.6,2.1,0,0.05833220810869003,1.5026679519896933,4.534353316626308
6,129,5.8,1.6,0,0.4804101902027701,1.5265101362778832,4.544398750109853
6,130,6.1,1.9,0,0.4964334041578041,1.886563565069571,4.924099917751467
6,131,6.4,2.0,0,0.7753894076264902,2.2026608176568185,5.240263352160844
6,132,5.6,2.2,0,0.15439374699621494,1.5543999234704842,4.576151221277549
6,133,5.1,1.5,0,0.7595267654088301,0.8195820139806649,3.8480592511030802
6,134,5.6,1.4,0,0.6483511149384767,1.3080420241337285,4.295900371284231
6,135,6.1,2.3,0,0.5368288881929588,2.0375756863588164,5.072470798338814
6,136,5.6,2.4,0,0.3531387748873273,1.6710641574701264,4.665057341555407
6,137,5.5,1.8,0,0.2780569905272948,1.2853346054669865,4.326703132871494
6,138,4.8,1.8,1,0.8624601029100012,0.6720972233543325,3.6820048886442285
6,139,5.4,2.1,0,0.23202894024567414,1.33230927752303,4.352603818405714
6,140,5.6,2.4,0,0.3531387748873273,1.6710641574701264,4.665057341555407
6,141,5.1,2.3,0,0.5834030924172113,1.2397176544785462,4.177793676092681
6,142,5.1,1.9,0,0.5464613781477907,0.9717547376952662,3.9963433285942784
6,143,5.9,2.3,0,0.37231711994908856,1.8624585135453733,4.890271976076587
6,144,5.7,2.5,0,0.45817506002975605,1.811652573759929,4.800120831812466
6,145,5.2,2.3,0,0.4951179424517123,1.3070506280581753,4.265156503576392
6,146,5.0,1.9,0,0.6433019735019705,0.8904076531295734,3.905529413536659
6,147,5.2,2.0,0,0.4287626722459993,1.1108271242019734,4.129062847668948
6,148,5.4,2.3,0,0.3386842103330503,1.453046560599568,4.4414817347367315
6,149,5.1,1.8,0,0.58153697663905,0.9198690787742827,3.956003033365874
